"","CRUISE","VESSEL","SPN","HAUL","STATION","SPECIES_CODE","SEX","LENGTH","WIDTH","SAMPLING_FACTOR","SHELL_CONDITION","EGG_COLOR","EGG_CONDITION","CLUTCH_SIZE","WEIGHT","DISEASE_CODE","DISEASE_DORSAL","DISEASE_VENTRAL","DISEASE_LEGS","CHELA_HEIGHT","MERUS_LENGTH","COMMENTS"
"1",202201,94,1,"F39","BLANK",69322,2,98.68,NA,1,2,2,1,5,44,NA,NA,NA,NA,NA,NA,NA
"2",202201,94,1,"F39","BLANK",69322,2,94.38,NA,1,2,2,1,5,44,NA,NA,NA,NA,NA,NA,NA
"3",202201,94,1,"F39","BLANK",69322,2,91.7,NA,1,2,2,1,5,44,NA,NA,NA,NA,NA,NA,NA
"4",202201,94,1,"F39","BLANK",69322,2,96.41,NA,1,2,2,1,5,44,NA,NA,NA,NA,NA,NA,NA
"5",202201,94,1,"F39","BLANK",69322,2,107.38,NA,1,2,2,1,5,44,NA,NA,NA,NA,NA,NA,NA
"6",202201,94,1,"F39","BLANK",69322,2,99.11,NA,1,2,2,1,5,44,NA,NA,NA,NA,NA,NA,NA
"7",202201,94,1,"F39","BLANK",69322,2,134.48,NA,1,3,2,2,6,44,NA,NA,NA,NA,NA,NA,NA
"8",202201,94,1,"F39","BLANK",69322,2,128.19,NA,1,3,2,2,6,44,NA,NA,NA,NA,NA,NA,NA
"9",202201,94,1,"F39","BLANK",69322,2,114.97,NA,1,3,2,2,6,44,NA,NA,NA,NA,NA,NA,NA
"10",202201,94,1,"F39","BLANK",69322,2,159.39,NA,1,3,2,2,4,44,NA,NA,NA,NA,NA,NA,NA
"11",202201,94,1,"F39","BLANK",69322,1,116.46,NA,1,2,NA,NA,NA,44,NA,NA,NA,NA,NA,NA,NA
"12",202201,94,1,"F39","BLANK",69322,1,112.63,NA,1,2,NA,NA,NA,44,NA,NA,NA,NA,NA,NA,NA
"13",202201,94,1,"F39","BLANK",69322,1,158.94,NA,1,2,NA,NA,NA,44,NA,NA,NA,NA,NA,NA,NA
"14",202201,94,1,"F39","BLANK",69322,1,100.89,NA,1,2,NA,NA,NA,44,NA,NA,NA,NA,NA,NA,NA
"15",202201,94,1,"F39","BLANK",69322,1,165.69,NA,1,3,NA,NA,NA,44,NA,NA,NA,NA,NA,NA,NA
"16",202201,94,2,"F38","LN",69322,1,114.17,NA,1,2,NA,NA,NA,44,NA,NA,NA,NA,NA,NA,NA
"17",202201,94,2,"F38","LN",69322,2,96.68,NA,1,2,0,0,0,44,NA,NA,NA,NA,NA,NA,NA
"18",202201,94,2,"F38","LN",69322,2,93.21,NA,1,2,2,1,5,44,NA,NA,NA,NA,NA,NA,NA
"19",202201,94,3,"F37","OAK",69322,1,76.16,NA,1,2,NA,NA,NA,44,NA,NA,NA,NA,NA,NA,NA
"20",202201,94,3,"F37","OAK",69322,1,93.1,NA,1,2,NA,NA,NA,44,NA,NA,NA,NA,NA,NA,NA
"21",202201,94,3,"F37","OAK",69322,1,94.15,NA,1,2,NA,NA,NA,44,NA,NA,NA,NA,NA,NA,NA
"22",202201,94,3,"F37","OAK",69322,1,113.27,NA,1,2,NA,NA,NA,44,NA,NA,NA,NA,NA,NA,NA
"23",202201,94,3,"F37","OAK",69322,1,94.68,NA,1,2,NA,NA,NA,44,NA,NA,NA,NA,NA,NA,NA
"24",202201,94,3,"F37","OAK",69322,1,145.21,NA,1,3,NA,NA,NA,44,NA,NA,NA,NA,NA,NA,NA
"25",202201,94,3,"F37","OAK",69322,1,144.21,NA,1,2,NA,NA,NA,44,NA,NA,NA,NA,NA,NA,NA
"26",202201,94,3,"F37","OAK",69322,2,85.02,NA,1,2,0,0,0,44,NA,NA,NA,NA,NA,NA,NA
"27",202201,94,3,"F37","OAK",69322,2,86.31,NA,1,2,2,1,5,44,NA,NA,NA,NA,NA,NA,NA
"28",202201,94,3,"F37","OAK",69322,2,88.75,NA,1,2,2,1,5,44,NA,NA,NA,NA,NA,NA,NA
"29",202201,94,3,"F37","OAK",69322,2,96.61,NA,1,2,2,1,5,44,NA,NA,NA,NA,NA,NA,NA
"30",202201,94,3,"F37","OAK",69322,2,106.85,NA,1,2,2,1,6,44,NA,NA,NA,NA,NA,NA,NA
"31",202201,94,3,"F37","OAK",69322,2,111.49,NA,1,2,2,1,5,44,NA,NA,NA,NA,NA,NA,NA
"32",202201,94,3,"F37","OAK",69322,2,114.56,NA,1,2,2,1,5,44,NA,NA,NA,NA,NA,NA,NA
"33",202201,94,3,"F37","OAK",69322,2,115.04,NA,1,2,2,1,5,44,NA,NA,NA,NA,NA,NA,NA
"34",202201,94,3,"F37","OAK",69322,2,110.22,NA,1,3,2,2,6,44,NA,NA,NA,NA,NA,NA,NA
"35",202201,94,3,"F37","OAK",69322,2,135.94,NA,1,3,2,2,6,44,NA,NA,NA,NA,NA,NA,NA
"36",202201,94,3,"F37","OAK",69322,2,122.92,NA,1,3,2,2,6,44,NA,NA,NA,NA,NA,NA,NA
"37",202201,94,4,"F36","KF",69322,1,157.34,NA,1,2,NA,NA,NA,44,NA,NA,NA,NA,NA,NA,NA
"38",202201,94,4,"F36","KF",69322,1,162.31,NA,1,2,NA,NA,NA,44,NA,NA,NA,NA,NA,NA,NA
"39",202201,94,4,"F36","KF",69322,1,124.43,NA,1,2,NA,NA,NA,44,NA,NA,NA,NA,NA,NA,NA
"40",202201,94,4,"F36","KF",69322,1,154.02,NA,1,2,NA,NA,NA,44,NA,NA,NA,NA,NA,NA,NA
"41",202201,94,4,"F36","KF",69322,1,166.93,NA,1,2,NA,NA,NA,44,NA,NA,NA,NA,NA,NA,NA
"42",202201,94,4,"F36","KF",69322,1,148.87,NA,1,2,NA,NA,NA,44,NA,NA,NA,NA,NA,NA,NA
"43",202201,94,4,"F36","KF",69322,1,159.79,NA,1,3,NA,NA,NA,44,NA,NA,NA,NA,NA,NA,NA
"44",202201,94,4,"F36","KF",69322,1,135.9,NA,1,2,NA,NA,NA,44,NA,NA,NA,NA,NA,NA,NA
"45",202201,94,4,"F36","KF",69322,1,102.94,NA,1,2,NA,NA,NA,44,NA,NA,NA,NA,NA,NA,NA
"46",202201,94,4,"F36","KF",69322,2,89.92,NA,1,2,0,0,0,44,NA,NA,NA,NA,NA,NA,NA
"47",202201,94,4,"F36","KF",69322,2,90.13,NA,1,2,0,0,0,44,NA,NA,NA,NA,NA,NA,NA
"48",202201,94,4,"F36","KF",69322,2,100.86,NA,1,2,2,1,5,44,NA,NA,NA,NA,NA,NA,NA
"49",202201,94,4,"F36","KF",69322,2,94.39,NA,1,2,2,1,5,44,NA,NA,NA,NA,NA,NA,NA
"50",202201,94,4,"F36","KF",69322,2,90.44,NA,1,2,2,1,5,44,NA,NA,NA,NA,NA,NA,NA
"51",202201,94,4,"F36","KF",69322,2,103.19,NA,1,2,2,1,5,44,NA,NA,NA,NA,NA,NA,NA
"52",202201,94,4,"F36","KF",69322,2,98.45,NA,1,2,2,1,5,44,NA,NA,NA,NA,NA,NA,NA
"53",202201,94,4,"F36","KF",69322,2,102.03,NA,1,2,2,1,5,44,NA,NA,NA,NA,NA,NA,NA
"54",202201,94,4,"F36","KF",69322,2,100.14,NA,1,2,2,1,5,44,NA,NA,NA,NA,NA,NA,NA
"55",202201,94,4,"F36","KF",69322,2,90.73,NA,1,2,2,1,4,44,NA,NA,NA,NA,NA,NA,NA
"56",202201,94,4,"F36","KF",69322,2,151.75,NA,1,3,2,2,6,44,NA,NA,NA,NA,NA,NA,NA
"57",202201,94,4,"F36","KF",69322,2,102.95,NA,1,3,2,2,6,44,NA,NA,NA,NA,NA,NA,NA
"58",202201,94,5,"F35","CID",69322,1,139.33,NA,1,2,NA,NA,NA,44,NA,NA,NA,NA,NA,NA,NA
"59",202201,94,5,"F35","CID",69322,1,106.83,NA,1,2,NA,NA,NA,44,NA,NA,NA,NA,NA,NA,NA
"60",202201,94,5,"F35","CID",69322,1,109.03,NA,1,2,NA,NA,NA,44,NA,NA,NA,NA,NA,NA,NA
"61",202201,94,5,"F35","CID",69322,1,146.83,NA,1,3,NA,NA,NA,44,NA,NA,NA,NA,NA,NA,NA
"62",202201,94,5,"F35","CID",69322,1,156.42,NA,1,3,NA,NA,NA,44,NA,NA,NA,NA,NA,NA,NA
"63",202201,94,5,"F35","CID",69322,1,150.99,NA,1,3,NA,NA,NA,44,NA,NA,NA,NA,NA,NA,NA
"64",202201,94,5,"F35","CID",69322,1,94.62,NA,1,2,NA,NA,NA,44,NA,NA,NA,NA,NA,NA,NA
"65",202201,94,5,"F35","CID",69322,1,100.12,NA,1,2,NA,NA,NA,44,NA,NA,NA,NA,NA,NA,NA
"66",202201,94,5,"F35","CID",69322,1,108.59,NA,1,2,NA,NA,NA,44,NA,NA,NA,NA,NA,NA,NA
"67",202201,94,5,"F35","CID",69322,2,97.14,NA,1,2,2,1,5,44,NA,NA,NA,NA,NA,NA,NA
"68",202201,94,5,"F35","CID",69322,2,109.06,NA,1,2,2,1,5,44,NA,NA,NA,NA,NA,NA,NA
"69",202201,94,5,"F35","CID",69322,2,90.27,NA,1,2,2,1,5,44,NA,NA,NA,NA,NA,NA,NA
"70",202201,94,5,"F35","CID",69322,2,114.66,NA,1,3,2,2,6,44,NA,NA,NA,NA,NA,NA,NA
"71",202201,94,5,"F35","CID",69322,2,117.34,NA,1,3,2,2,6,44,NA,NA,NA,NA,NA,NA,NA
"72",202201,94,5,"F35","CID",69322,2,139.01,NA,1,3,2,2,6,44,NA,NA,NA,NA,NA,NA,NA
"73",202201,94,5,"F35","CID",69322,2,133.21,NA,1,3,2,2,6,44,NA,NA,NA,NA,NA,NA,NA
"74",202201,94,5,"F35","CID",69322,2,139.96,NA,1,3,2,2,6,44,NA,NA,NA,NA,NA,NA,NA
"75",202201,94,5,"F35","CID",69322,2,151.3,NA,1,3,2,2,5,44,NA,NA,NA,NA,NA,NA,NA
"76",202201,94,6,"F34","T16",69322,1,95.99,NA,1,2,NA,NA,NA,44,NA,NA,NA,NA,NA,NA,NA
"77",202201,94,6,"F34","T16",69322,1,127.67,NA,1,2,NA,NA,NA,44,NA,NA,NA,NA,NA,NA,NA
"78",202201,94,6,"F34","T16",69322,1,113.31,NA,1,2,NA,NA,NA,44,NA,NA,NA,NA,NA,NA,NA
"79",202201,94,6,"F34","T16",69322,1,107.69,NA,1,2,NA,NA,NA,44,NA,NA,NA,NA,NA,NA,NA
"80",202201,94,6,"F34","T16",69322,1,92.43,NA,1,2,NA,NA,NA,44,NA,NA,NA,NA,NA,NA,NA
"81",202201,94,6,"F34","T16",69322,1,92.62,NA,1,2,NA,NA,NA,44,NA,NA,NA,NA,NA,NA,NA
"82",202201,94,6,"F34","T16",69322,1,94.51,NA,1,2,NA,NA,NA,44,NA,NA,NA,NA,NA,NA,NA
"83",202201,94,6,"F34","T16",69322,1,96.62,NA,1,2,NA,NA,NA,44,NA,NA,NA,NA,NA,NA,NA
"84",202201,94,6,"F34","T16",69322,1,101.32,NA,1,2,NA,NA,NA,44,NA,NA,NA,NA,NA,NA,NA
"85",202201,94,6,"F34","T16",69322,1,105.23,NA,1,2,NA,NA,NA,44,NA,NA,NA,NA,NA,NA,NA
"86",202201,94,6,"F34","T16",69322,1,120.85,NA,1,2,NA,NA,NA,44,NA,NA,NA,NA,NA,NA,NA
"87",202201,94,6,"F34","T16",69322,1,123.82,NA,1,2,NA,NA,NA,44,NA,NA,NA,NA,NA,NA,NA
"88",202201,94,6,"F34","T16",69322,1,140.56,NA,1,2,NA,NA,NA,44,NA,NA,NA,NA,NA,NA,NA
"89",202201,94,6,"F34","T16",69322,2,93.11,NA,1,2,2,1,5,44,NA,NA,NA,NA,NA,NA,NA
"90",202201,94,6,"F34","T16",69322,2,100.26,NA,1,2,2,1,5,44,NA,NA,NA,NA,NA,NA,NA
"91",202201,94,6,"F34","T16",69322,2,93.36,NA,1,2,2,1,5,44,NA,NA,NA,NA,NA,NA,NA
"92",202201,94,6,"F34","T16",69322,2,96.68,NA,1,2,2,1,5,44,NA,NA,NA,NA,NA,NA,NA
"93",202201,94,6,"F34","T16",69322,2,109.71,NA,1,2,2,1,5,44,NA,NA,NA,NA,NA,NA,NA
"94",202201,94,6,"F34","T16",69322,2,104.07,NA,1,2,2,1,5,44,NA,NA,NA,NA,NA,NA,NA
"95",202201,94,6,"F34","T16",69322,2,100.24,NA,1,2,2,1,4,44,NA,NA,NA,NA,NA,NA,NA
"96",202201,94,6,"F34","T16",69322,2,90.32,NA,1,2,2,1,4,44,NA,NA,NA,NA,NA,NA,NA
"97",202201,94,6,"F34","T16",69322,2,86.56,NA,1,2,2,1,4,44,NA,NA,NA,NA,NA,NA,NA
"98",202201,94,6,"F34","T16",69322,2,118.3,NA,1,3,2,2,6,44,NA,NA,NA,NA,NA,NA,NA
"99",202201,94,6,"F34","T16",69322,2,131.39,NA,1,3,2,2,6,44,NA,NA,NA,NA,NA,NA,NA
"100",202201,94,7,"F33","F62",69322,1,94.64,NA,1,2,NA,NA,NA,44,NA,NA,NA,NA,NA,NA,NA
"101",202201,94,7,"F33","F62",69322,1,97.95,NA,1,2,NA,NA,NA,44,NA,NA,NA,NA,NA,NA,NA
"102",202201,94,7,"F33","F62",69322,1,103.19,NA,1,2,NA,NA,NA,44,NA,NA,NA,NA,NA,NA,NA
"103",202201,94,7,"F33","F62",69322,1,148.24,NA,1,2,NA,NA,NA,44,NA,NA,NA,NA,NA,NA,NA
"104",202201,94,7,"F33","F62",69322,1,161.46,NA,1,2,NA,NA,NA,44,NA,NA,NA,NA,NA,NA,NA
"105",202201,94,7,"F33","F62",69322,1,145.67,NA,1,2,NA,NA,NA,44,NA,NA,NA,NA,NA,NA,NA
"106",202201,94,7,"F33","F62",69322,1,120.83,NA,1,2,NA,NA,NA,44,NA,NA,NA,NA,NA,NA,NA
"107",202201,94,7,"F33","F62",69322,1,92.39,NA,1,2,NA,NA,NA,44,NA,NA,NA,NA,NA,NA,NA
"108",202201,94,7,"F33","F62",69322,1,134.5,NA,1,2,NA,NA,NA,44,NA,NA,NA,NA,NA,NA,NA
"109",202201,94,7,"F33","F62",69322,1,92.57,NA,1,2,NA,NA,NA,44,NA,NA,NA,NA,NA,NA,NA
"110",202201,94,7,"F33","F62",69322,1,96.74,NA,1,2,NA,NA,NA,44,NA,NA,NA,NA,NA,NA,NA
"111",202201,94,7,"F33","F62",69322,1,89.7,NA,1,2,NA,NA,NA,44,NA,NA,NA,NA,NA,NA,NA
"112",202201,94,7,"F33","F62",69322,1,89.64,NA,1,2,NA,NA,NA,44,NA,NA,NA,NA,NA,NA,NA
"113",202201,94,7,"F33","F62",69322,1,98.45,NA,1,2,NA,NA,NA,44,NA,NA,NA,NA,NA,NA,NA
"114",202201,94,7,"F33","F62",69322,1,90.82,NA,1,2,NA,NA,NA,44,NA,NA,NA,NA,NA,NA,NA
"115",202201,94,7,"F33","F62",69322,1,102.27,NA,1,2,NA,NA,NA,44,NA,NA,NA,NA,NA,NA,NA
"116",202201,94,7,"F33","F62",69322,1,102.64,NA,1,2,NA,NA,NA,44,NA,NA,NA,NA,NA,NA,NA
"117",202201,94,7,"F33","F62",69322,1,87.48,NA,1,2,NA,NA,NA,44,NA,NA,NA,NA,NA,NA,NA
"118",202201,94,7,"F33","F62",69322,1,92.21,NA,1,2,NA,NA,NA,44,NA,NA,NA,NA,NA,NA,NA
"119",202201,94,7,"F33","F62",69322,1,98.45,NA,1,2,NA,NA,NA,44,NA,NA,NA,NA,NA,NA,NA
"120",202201,94,7,"F33","F62",69322,1,92.19,NA,1,2,NA,NA,NA,44,NA,NA,NA,NA,NA,NA,NA
"121",202201,94,7,"F33","F62",69322,1,95.25,NA,1,2,NA,NA,NA,44,NA,NA,NA,NA,NA,NA,NA
"122",202201,94,7,"F33","F62",69322,1,118.05,NA,1,2,NA,NA,NA,44,NA,NA,NA,NA,NA,NA,NA
"123",202201,94,7,"F33","F62",69322,1,141.41,NA,1,3,NA,NA,NA,44,NA,NA,NA,NA,NA,NA,NA
"124",202201,94,7,"F33","F62",69322,1,148.25,NA,1,3,NA,NA,NA,44,NA,NA,NA,NA,NA,NA,NA
"125",202201,94,7,"F33","F62",69322,1,155.43,NA,1,3,NA,NA,NA,44,NA,NA,NA,NA,NA,NA,NA
"126",202201,94,7,"F33","F62",69322,1,108.38,NA,1,2,NA,NA,NA,44,NA,NA,NA,NA,NA,NA,NA
"127",202201,94,7,"F33","F62",69322,1,100.4,NA,1,2,NA,NA,NA,44,NA,NA,NA,NA,NA,NA,NA
"128",202201,94,7,"F33","F62",69322,1,88.32,NA,1,2,NA,NA,NA,44,NA,NA,NA,NA,NA,NA,NA
"129",202201,94,7,"F33","F62",69322,2,89.72,NA,1,2,0,0,0,44,NA,NA,NA,NA,NA,NA,NA
"130",202201,94,7,"F33","F62",69322,2,86.03,NA,1,2,0,0,0,44,NA,NA,NA,NA,NA,NA,NA
"131",202201,94,7,"F33","F62",69322,2,89.13,NA,1,2,0,0,0,44,NA,NA,NA,NA,NA,NA,NA
"132",202201,94,7,"F33","F62",69322,2,85.15,NA,1,2,0,0,0,44,NA,NA,NA,NA,NA,NA,NA
"133",202201,94,7,"F33","F62",69322,2,89.71,NA,1,2,0,0,0,44,NA,NA,NA,NA,NA,NA,NA
"134",202201,94,7,"F33","F62",69322,2,90.99,NA,1,2,0,0,0,44,NA,NA,NA,NA,NA,NA,NA
"135",202201,94,7,"F33","F62",69322,2,107.9,NA,1,2,2,1,6,44,NA,NA,NA,NA,NA,NA,NA
"136",202201,94,7,"F33","F62",69322,2,111.69,NA,1,2,2,1,5,44,NA,NA,NA,NA,NA,NA,NA
"137",202201,94,7,"F33","F62",69322,2,108.73,NA,1,2,2,1,5,44,NA,NA,NA,NA,NA,NA,NA
"138",202201,94,7,"F33","F62",69322,2,98.72,NA,1,2,2,1,5,44,NA,NA,NA,NA,NA,NA,NA
"139",202201,94,7,"F33","F62",69322,2,82.08,NA,1,2,2,1,5,44,NA,NA,NA,NA,NA,NA,NA
"140",202201,94,7,"F33","F62",69322,2,90.29,NA,1,2,2,1,5,44,NA,NA,NA,NA,NA,NA,NA
"141",202201,94,7,"F33","F62",69322,2,98.61,NA,1,2,2,1,5,44,NA,NA,NA,NA,NA,NA,NA
"142",202201,94,7,"F33","F62",69322,2,95.82,NA,1,2,2,1,5,44,NA,NA,NA,NA,NA,NA,NA
"143",202201,94,7,"F33","F62",69322,2,100.41,NA,1,2,2,1,5,44,NA,NA,NA,NA,NA,NA,NA
"144",202201,94,7,"F33","F62",69322,2,90.66,NA,1,2,2,1,5,44,NA,NA,NA,NA,NA,NA,NA
"145",202201,94,7,"F33","F62",69322,2,94.09,NA,1,2,2,1,5,44,NA,NA,NA,NA,NA,NA,NA
"146",202201,94,7,"F33","F62",69322,2,84.04,NA,1,2,2,1,5,44,NA,NA,NA,NA,NA,NA,NA
"147",202201,94,7,"F33","F62",69322,2,95.38,NA,1,2,2,1,5,44,NA,NA,NA,NA,NA,NA,NA
"148",202201,94,7,"F33","F62",69322,2,88.68,NA,1,2,2,1,5,44,NA,NA,NA,NA,NA,NA,NA
"149",202201,94,7,"F33","F62",69322,2,97.14,NA,1,2,2,1,5,44,NA,NA,NA,NA,NA,NA,NA
"150",202201,94,7,"F33","F62",69322,2,90.06,NA,1,2,2,1,5,44,NA,NA,NA,NA,NA,NA,NA
"151",202201,94,7,"F33","F62",69322,2,94.36,NA,1,2,2,1,5,44,NA,NA,NA,NA,NA,NA,NA
"152",202201,94,7,"F33","F62",69322,2,88.77,NA,1,2,2,1,5,44,NA,NA,NA,NA,NA,NA,NA
"153",202201,94,7,"F33","F62",69322,2,95.27,NA,1,2,2,1,5,44,NA,NA,NA,NA,NA,NA,NA
"154",202201,94,7,"F33","F62",69322,2,93.82,NA,1,2,2,1,5,44,NA,NA,NA,NA,NA,NA,NA
"155",202201,94,7,"F33","F62",69322,2,91.24,NA,1,2,2,1,5,44,NA,NA,NA,NA,NA,NA,NA
"156",202201,94,7,"F33","F62",69322,2,97.1,NA,1,2,2,1,5,44,NA,NA,NA,NA,NA,NA,NA
"157",202201,94,7,"F33","F62",69322,2,84.19,NA,1,2,2,1,5,44,NA,NA,NA,NA,NA,NA,NA
"158",202201,94,7,"F33","F62",69322,2,91.6,NA,1,2,2,1,5,44,NA,NA,NA,NA,NA,NA,NA
"159",202201,94,7,"F33","F62",69322,2,110.23,NA,1,2,2,1,5,44,NA,NA,NA,NA,NA,NA,NA
"160",202201,94,7,"F33","F62",69322,2,100.63,NA,1,2,2,1,5,44,NA,NA,NA,NA,NA,NA,NA
"161",202201,94,7,"F33","F62",69322,2,102.27,NA,1,2,2,1,4,44,NA,NA,NA,NA,NA,NA,NA
"162",202201,94,7,"F33","F62",69322,2,84.69,NA,1,2,0,0,0,44,NA,NA,NA,NA,NA,NA,NA
"163",202201,94,7,"F33","F62",69322,2,108.36,NA,1,3,3,2,6,44,NA,NA,NA,NA,NA,NA,NA
"164",202201,94,7,"F33","F62",69322,2,143.94,NA,1,3,3,2,6,44,NA,NA,NA,NA,NA,NA,NA
"165",202201,94,7,"F33","F62",69322,2,112.83,NA,1,3,3,2,6,44,NA,NA,NA,NA,NA,NA,NA
"166",202201,94,7,"F33","F62",69322,2,103.45,NA,1,3,3,2,6,44,NA,NA,NA,NA,NA,NA,NA
"167",202201,94,7,"F33","F62",69322,2,115.44,NA,1,3,3,2,6,44,NA,NA,NA,NA,NA,NA,NA
"168",202201,94,7,"F33","F62",69322,2,120.03,NA,1,3,3,2,6,44,NA,NA,NA,NA,NA,NA,NA
"169",202201,94,7,"F33","F62",69322,2,117,NA,1,3,3,2,6,44,NA,NA,NA,NA,NA,NA,NA
"170",202201,94,7,"F33","F62",69322,2,134.83,NA,1,3,3,2,6,44,NA,NA,NA,NA,NA,NA,NA
"171",202201,94,7,"F33","F62",69322,2,133.82,NA,1,3,3,2,6,44,NA,NA,NA,NA,NA,NA,NA
"172",202201,94,7,"F33","F62",69322,2,122.95,NA,1,3,3,2,6,44,NA,NA,NA,NA,NA,NA,NA
"173",202201,94,7,"F33","F62",69322,2,94.47,NA,1,3,3,2,6,44,NA,NA,NA,NA,NA,NA,NA
"174",202201,94,7,"F33","F62",69322,2,109.61,NA,1,3,3,2,6,44,NA,NA,NA,NA,NA,NA,NA
"175",202201,94,7,"F33","F62",69322,2,97.66,NA,1,3,3,2,6,44,NA,NA,NA,NA,NA,NA,NA
"176",202201,94,8,"F32","JFK",69322,1,93.7,NA,1,2,NA,NA,NA,44,NA,NA,NA,NA,NA,NA,NA
"177",202201,94,8,"F32","JFK",69322,1,104.32,NA,1,2,NA,NA,NA,44,NA,NA,NA,NA,NA,NA,NA
"178",202201,94,8,"F32","JFK",69322,1,92.81,NA,1,2,NA,NA,NA,44,NA,NA,NA,NA,NA,NA,NA
"179",202201,94,8,"F32","JFK",69322,1,111.34,NA,1,2,NA,NA,NA,44,NA,NA,NA,NA,NA,NA,NA
"180",202201,94,8,"F32","JFK",69322,1,90.5,NA,1,2,NA,NA,NA,44,NA,NA,NA,NA,NA,NA,NA
"181",202201,94,8,"F32","JFK",69322,1,96.24,NA,1,2,NA,NA,NA,44,NA,NA,NA,NA,NA,NA,NA
"182",202201,94,8,"F32","JFK",69322,1,94.46,NA,1,2,NA,NA,NA,44,NA,NA,NA,NA,NA,NA,NA
"183",202201,94,8,"F32","JFK",69322,1,94.41,NA,1,2,NA,NA,NA,44,NA,NA,NA,NA,NA,NA,NA
"184",202201,94,8,"F32","JFK",69322,1,128.24,NA,1,2,NA,NA,NA,44,NA,NA,NA,NA,NA,NA,NA
"185",202201,94,8,"F32","JFK",69322,1,86.12,NA,1,2,NA,NA,NA,44,NA,NA,NA,NA,NA,NA,NA
"186",202201,94,8,"F32","JFK",69322,1,84.49,NA,1,2,NA,NA,NA,44,NA,NA,NA,NA,NA,NA,NA
"187",202201,94,8,"F32","JFK",69322,1,95.94,NA,1,2,NA,NA,NA,44,NA,NA,NA,NA,NA,NA,NA
"188",202201,94,8,"F32","JFK",69322,1,101,NA,1,2,NA,NA,NA,44,NA,NA,NA,NA,NA,NA,NA
"189",202201,94,8,"F32","JFK",69322,1,116.61,NA,1,2,NA,NA,NA,44,NA,NA,NA,NA,NA,NA,NA
"190",202201,94,8,"F32","JFK",69322,1,101.57,NA,1,2,NA,NA,NA,44,NA,NA,NA,NA,NA,NA,NA
"191",202201,94,8,"F32","JFK",69322,1,102.17,NA,1,2,NA,NA,NA,44,NA,NA,NA,NA,NA,NA,NA
"192",202201,94,8,"F32","JFK",69322,1,91.38,NA,1,2,NA,NA,NA,44,NA,NA,NA,NA,NA,NA,NA
"193",202201,94,8,"F32","JFK",69322,1,94.35,NA,1,2,NA,NA,NA,44,NA,NA,NA,NA,NA,NA,NA
"194",202201,94,8,"F32","JFK",69322,1,96.73,NA,1,2,NA,NA,NA,44,NA,NA,NA,NA,NA,NA,NA
"195",202201,94,8,"F32","JFK",69322,1,153.62,NA,1,3,NA,NA,NA,44,NA,NA,NA,NA,NA,NA,NA
"196",202201,94,8,"F32","JFK",69322,1,159.53,NA,1,3,NA,NA,NA,44,NA,NA,NA,NA,NA,NA,NA
"197",202201,94,8,"F32","JFK",69322,1,140.43,NA,1,3,NA,NA,NA,44,NA,NA,NA,NA,NA,NA,NA
"198",202201,94,8,"F32","JFK",69322,1,159.14,NA,1,4,NA,NA,NA,44,NA,NA,NA,NA,NA,NA,NA
"199",202201,94,8,"F32","JFK",69322,2,89.96,NA,1,2,0,0,0,44,NA,NA,NA,NA,NA,NA,NA
"200",202201,94,8,"F32","JFK",69322,2,86.13,NA,1,2,0,0,0,44,NA,NA,NA,NA,NA,NA,NA
"201",202201,94,8,"F32","JFK",69322,2,89.22,NA,1,2,0,0,0,44,NA,NA,NA,NA,NA,NA,NA
"202",202201,94,8,"F32","JFK",69322,2,89.29,NA,1,2,0,0,0,44,NA,NA,NA,NA,NA,NA,NA
"203",202201,94,8,"F32","JFK",69322,2,95.91,NA,1,2,0,0,0,44,NA,NA,NA,NA,NA,NA,NA
"204",202201,94,8,"F32","JFK",69322,2,91.63,NA,1,2,2,1,5,44,NA,NA,NA,NA,NA,NA,NA
"205",202201,94,8,"F32","JFK",69322,2,106.22,NA,1,2,2,1,5,44,NA,NA,NA,NA,NA,NA,NA
"206",202201,94,8,"F32","JFK",69322,2,98.22,NA,1,2,2,1,5,44,NA,NA,NA,NA,NA,NA,NA
"207",202201,94,8,"F32","JFK",69322,2,88.64,NA,1,2,2,1,5,44,NA,NA,NA,NA,NA,NA,NA
"208",202201,94,8,"F32","JFK",69322,2,94.43,NA,1,2,2,1,5,44,NA,NA,NA,NA,NA,NA,NA
"209",202201,94,8,"F32","JFK",69322,2,93.23,NA,1,2,2,1,5,44,NA,NA,NA,NA,NA,NA,NA
"210",202201,94,8,"F32","JFK",69322,2,88.76,NA,1,2,2,1,5,44,NA,NA,NA,NA,NA,NA,NA
"211",202201,94,8,"F32","JFK",69322,2,84.89,NA,1,2,2,1,5,44,NA,NA,NA,NA,NA,NA,NA
"212",202201,94,8,"F32","JFK",69322,2,87.77,NA,1,2,2,1,5,44,NA,NA,NA,NA,NA,NA,NA
"213",202201,94,8,"F32","JFK",69322,2,89.42,NA,1,2,2,1,5,44,NA,NA,NA,NA,NA,NA,NA
"214",202201,94,8,"F32","JFK",69322,2,95.3,NA,1,2,2,1,5,44,NA,NA,NA,NA,NA,NA,NA
"215",202201,94,8,"F32","JFK",69322,2,114.88,NA,1,2,2,1,5,44,NA,NA,NA,NA,NA,NA,NA
"216",202201,94,8,"F32","JFK",69322,2,97.54,NA,1,2,2,1,5,44,NA,NA,NA,NA,NA,NA,NA
"217",202201,94,8,"F32","JFK",69322,2,94.67,NA,1,2,2,1,5,44,NA,NA,NA,NA,NA,NA,NA
"218",202201,94,8,"F32","JFK",69322,2,95.38,NA,1,2,2,1,5,44,NA,NA,NA,NA,NA,NA,NA
"219",202201,94,8,"F32","JFK",69322,2,102.06,NA,1,2,2,1,5,44,NA,NA,NA,NA,NA,NA,NA
"220",202201,94,8,"F32","JFK",69322,2,86.21,NA,1,2,2,1,5,44,NA,NA,NA,NA,NA,NA,NA
"221",202201,94,8,"F32","JFK",69322,2,94.48,NA,1,2,2,1,5,44,NA,NA,NA,NA,NA,NA,NA
"222",202201,94,8,"F32","JFK",69322,2,90.11,NA,1,2,2,1,4,44,NA,NA,NA,NA,NA,NA,NA
"223",202201,94,8,"F32","JFK",69322,2,140.73,NA,1,3,2,2,6,44,NA,NA,NA,NA,NA,NA,NA
"224",202201,94,8,"F32","JFK",69322,2,119.96,NA,1,3,2,2,6,44,NA,NA,NA,NA,NA,NA,NA
"225",202201,94,8,"F32","JFK",69322,2,103.09,NA,1,3,2,2,6,44,NA,NA,NA,NA,NA,NA,NA
"226",202201,94,8,"F32","JFK",69322,2,101.55,NA,1,3,2,2,6,44,NA,NA,NA,NA,NA,NA,NA
"227",202201,94,8,"F32","JFK",69322,2,103.76,NA,1,3,2,2,6,44,NA,NA,NA,NA,NA,NA,NA
"228",202201,94,8,"F32","JFK",69322,2,106.42,NA,1,3,2,2,6,44,NA,NA,NA,NA,NA,NA,NA
"229",202201,94,8,"F32","JFK",69322,2,104.39,NA,1,3,2,2,6,44,NA,NA,NA,NA,NA,NA,NA
"230",202201,94,8,"F32","JFK",69322,2,112.13,NA,1,3,2,2,6,44,NA,NA,NA,NA,NA,NA,NA
"231",202201,94,8,"F32","JFK",69322,2,108.02,NA,1,3,2,2,6,44,NA,NA,NA,NA,NA,NA,NA
"232",202201,94,8,"F32","JFK",69322,2,112.11,NA,1,3,2,2,6,44,NA,NA,NA,NA,NA,NA,NA
"233",202201,94,8,"F32","JFK",69322,2,102.82,NA,1,3,2,2,6,44,NA,NA,NA,NA,NA,NA,NA
"234",202201,94,8,"F32","JFK",69322,2,93.8,NA,1,3,2,2,6,44,NA,NA,NA,NA,NA,NA,NA
"235",202201,94,8,"F32","JFK",69322,2,110.84,NA,1,3,2,2,6,44,NA,NA,NA,NA,NA,NA,NA
"236",202201,94,8,"F32","JFK",69322,2,129.23,NA,1,3,2,2,6,44,NA,NA,NA,NA,NA,NA,NA
"237",202201,94,8,"F32","JFK",69322,2,105.2,NA,1,3,2,2,6,44,NA,NA,NA,NA,NA,NA,NA
"238",202201,94,8,"F32","JFK",69322,2,106.08,NA,1,3,2,2,6,44,NA,NA,NA,NA,NA,NA,NA
"239",202201,94,8,"F32","JFK",69322,2,106.34,NA,1,3,2,2,6,44,NA,NA,NA,NA,NA,NA,NA
"240",202201,94,8,"F32","JFK",69322,2,125.05,NA,1,3,2,2,6,44,NA,NA,NA,NA,NA,NA,NA
"241",202201,94,8,"F32","JFK",69322,2,108.39,NA,1,3,2,2,6,44,NA,NA,NA,NA,NA,NA,NA
"242",202201,94,8,"F32","JFK",69322,2,124.84,NA,1,3,2,2,6,44,NA,NA,NA,NA,NA,NA,NA
"243",202201,94,8,"F32","JFK",69322,2,131.55,NA,1,3,2,2,6,44,NA,NA,NA,NA,NA,NA,NA
"244",202201,94,8,"F32","JFK",69322,2,136.66,NA,1,3,2,2,6,44,NA,NA,NA,NA,NA,NA,NA
"245",202201,94,8,"F32","JFK",69322,2,121.75,NA,1,3,2,2,6,44,NA,NA,NA,NA,NA,NA,NA
"246",202201,94,8,"F32","JFK",69322,2,139.49,NA,1,3,2,2,6,44,NA,NA,NA,NA,NA,NA,NA
"247",202201,94,8,"F32","JFK",69322,2,124.71,NA,1,3,2,2,6,44,NA,NA,NA,NA,NA,NA,NA
"248",202201,94,8,"F32","JFK",69322,2,111.18,NA,1,2,2,1,5,44,NA,NA,NA,NA,NA,NA,NA
"249",202201,94,9,"F31","EU",69322,1,126.94,NA,1,2,NA,NA,NA,44,NA,NA,NA,NA,NA,NA,NA
"250",202201,94,9,"F31","EU",69322,1,122.5,NA,1,2,NA,NA,NA,44,NA,NA,NA,NA,NA,NA,NA
"251",202201,94,9,"F31","EU",69322,1,84.06,NA,1,2,NA,NA,NA,44,NA,NA,NA,NA,NA,NA,NA
"252",202201,94,9,"F31","EU",69322,1,103.04,NA,1,2,NA,NA,NA,44,NA,NA,NA,NA,NA,NA,NA
"253",202201,94,9,"F31","EU",69322,1,99.58,NA,1,2,NA,NA,NA,44,NA,NA,NA,NA,NA,NA,NA
"254",202201,94,9,"F31","EU",69322,1,100.01,NA,1,2,NA,NA,NA,44,NA,NA,NA,NA,NA,NA,NA
"255",202201,94,9,"F31","EU",69322,1,101.37,NA,1,2,NA,NA,NA,44,NA,NA,NA,NA,NA,NA,NA
"256",202201,94,9,"F31","EU",69322,1,93.25,NA,1,2,NA,NA,NA,44,NA,NA,NA,NA,NA,NA,NA
"257",202201,94,9,"F31","EU",69322,1,95.22,NA,1,2,NA,NA,NA,44,NA,NA,NA,NA,NA,NA,NA
"258",202201,94,9,"F31","EU",69322,1,102.25,NA,1,2,NA,NA,NA,44,NA,NA,NA,NA,NA,NA,NA
"259",202201,94,9,"F31","EU",69322,1,96.6,NA,1,2,NA,NA,NA,44,NA,NA,NA,NA,NA,NA,NA
"260",202201,94,9,"F31","EU",69322,1,104.83,NA,1,2,NA,NA,NA,44,NA,NA,NA,NA,NA,NA,NA
"261",202201,94,9,"F31","EU",69322,1,150.54,NA,1,2,NA,NA,NA,44,NA,NA,NA,NA,NA,NA,NA
"262",202201,94,9,"F31","EU",69322,1,116.25,NA,1,2,NA,NA,NA,44,NA,NA,NA,NA,NA,NA,NA
"263",202201,94,9,"F31","EU",69322,1,105.56,NA,1,2,NA,NA,NA,44,NA,NA,NA,NA,NA,NA,NA
"264",202201,94,9,"F31","EU",69322,1,142.04,NA,1,2,NA,NA,NA,44,NA,NA,NA,NA,NA,NA,NA
"265",202201,94,9,"F31","EU",69322,1,149.09,NA,1,2,NA,NA,NA,44,NA,NA,NA,NA,NA,NA,NA
"266",202201,94,9,"F31","EU",69322,1,148.43,NA,1,2,NA,NA,NA,44,NA,NA,NA,NA,NA,NA,NA
"267",202201,94,9,"F31","EU",69322,1,156.72,NA,1,2,NA,NA,NA,44,NA,NA,NA,NA,NA,NA,NA
"268",202201,94,9,"F31","EU",69322,1,115.59,NA,1,2,NA,NA,NA,44,NA,NA,NA,NA,NA,NA,NA
"269",202201,94,9,"F31","EU",69322,1,133.64,NA,1,2,NA,NA,NA,44,NA,NA,NA,NA,NA,NA,NA
"270",202201,94,9,"F31","EU",69322,1,98.46,NA,1,2,NA,NA,NA,44,NA,NA,NA,NA,NA,NA,NA
"271",202201,94,9,"F31","EU",69322,1,138.89,NA,1,3,NA,NA,NA,44,NA,NA,NA,NA,NA,NA,NA
"272",202201,94,9,"F31","EU",69322,1,156.31,NA,1,3,NA,NA,NA,44,NA,NA,NA,NA,NA,NA,NA
"273",202201,94,9,"F31","EU",69322,1,145.74,NA,1,3,NA,NA,NA,44,NA,NA,NA,NA,NA,NA,NA
"274",202201,94,9,"F31","EU",69322,1,161.16,NA,1,4,NA,NA,NA,44,NA,NA,NA,NA,NA,NA,NA
"275",202201,94,9,"F31","EU",69322,2,89.56,NA,1,2,0,0,0,44,NA,NA,NA,NA,NA,NA,NA
"276",202201,94,9,"F31","EU",69322,2,82.86,NA,1,2,0,0,0,44,NA,NA,NA,NA,NA,NA,NA
"277",202201,94,9,"F31","EU",69322,2,103.57,NA,1,2,2,1,5,44,NA,NA,NA,NA,NA,NA,NA
"278",202201,94,9,"F31","EU",69322,2,97.31,NA,1,2,2,1,5,44,NA,NA,NA,NA,NA,NA,NA
"279",202201,94,9,"F31","EU",69322,2,106.21,NA,1,2,2,1,5,44,NA,NA,NA,NA,NA,NA,NA
"280",202201,94,9,"F31","EU",69322,2,85.4,NA,1,2,2,1,5,44,NA,NA,NA,NA,NA,NA,NA
"281",202201,94,9,"F31","EU",69322,2,110.49,NA,1,2,2,1,5,44,NA,NA,NA,NA,NA,NA,NA
"282",202201,94,9,"F31","EU",69322,2,97.87,NA,1,2,2,1,5,44,NA,NA,NA,NA,NA,NA,NA
"283",202201,94,9,"F31","EU",69322,2,86.97,NA,1,2,2,1,5,44,NA,NA,NA,NA,NA,NA,NA
"284",202201,94,9,"F31","EU",69322,2,95.24,NA,1,2,2,1,5,44,NA,NA,NA,NA,NA,NA,NA
"285",202201,94,9,"F31","EU",69322,2,90.78,NA,1,2,2,1,4,44,NA,NA,NA,NA,NA,NA,NA
"286",202201,94,9,"F31","EU",69322,2,99.96,NA,1,2,2,1,4,44,NA,NA,NA,NA,NA,NA,NA
"287",202201,94,9,"F31","EU",69322,2,132.22,NA,1,3,2,2,6,44,NA,NA,NA,NA,NA,NA,NA
"288",202201,94,9,"F31","EU",69322,2,111.91,NA,1,3,2,2,6,44,NA,NA,NA,NA,NA,NA,NA
"289",202201,94,9,"F31","EU",69322,2,143.51,NA,1,3,2,2,6,44,NA,NA,NA,NA,NA,NA,NA
"290",202201,94,9,"F31","EU",69322,2,103.8,NA,1,3,2,2,6,44,NA,NA,NA,NA,NA,NA,NA
"291",202201,94,9,"F31","EU",69322,2,142.21,NA,1,3,2,2,6,44,NA,NA,NA,NA,NA,NA,NA
"292",202201,94,9,"F31","EU",69322,2,153.29,NA,1,3,2,2,6,44,NA,NA,NA,NA,NA,NA,NA
"293",202201,94,9,"F31","EU",69322,2,161.61,NA,1,3,2,2,6,44,NA,NA,NA,NA,NA,NA,NA
"294",202201,94,9,"F31","EU",69322,2,105.17,NA,1,3,2,2,6,44,NA,NA,NA,NA,NA,NA,NA
"295",202201,94,9,"F31","EU",69322,2,109.87,NA,1,3,2,2,6,44,NA,NA,NA,NA,NA,NA,NA
"296",202201,94,9,"F31","EU",69322,2,131.01,NA,1,3,2,2,6,44,NA,NA,NA,NA,NA,NA,NA
"297",202201,94,9,"F31","EU",69322,2,124.7,NA,1,3,2,2,6,44,NA,NA,NA,NA,NA,NA,NA
"298",202201,94,9,"F31","EU",69322,2,110.81,NA,1,3,2,2,6,44,NA,NA,NA,NA,NA,NA,NA
"299",202201,94,9,"F31","EU",69322,2,113.51,NA,1,3,2,2,6,44,NA,NA,NA,NA,NA,NA,NA
"300",202201,94,9,"F31","EU",69322,2,119.82,NA,1,3,2,2,6,44,NA,NA,NA,NA,NA,NA,NA
"301",202201,94,9,"F31","EU",69322,2,144.99,NA,1,3,2,2,6,44,NA,NA,NA,NA,NA,NA,NA
"302",202201,94,9,"F31","EU",69322,2,132.72,NA,1,3,2,2,6,44,NA,NA,NA,NA,NA,NA,NA
"303",202201,94,10,"F30","RA",69322,1,94.34,NA,1,2,NA,NA,NA,44,NA,NA,NA,NA,NA,NA,NA
"304",202201,94,10,"F30","RA",69322,1,92.5,NA,1,2,NA,NA,NA,44,NA,NA,NA,NA,NA,NA,NA
"305",202201,94,10,"F30","RA",69322,1,85.81,NA,1,2,NA,NA,NA,44,NA,NA,NA,NA,NA,NA,NA
"306",202201,94,10,"F30","RA",69322,1,114.9,NA,1,2,NA,NA,NA,44,NA,NA,NA,NA,NA,NA,NA
"307",202201,94,10,"F30","RA",69322,1,118.79,NA,1,2,NA,NA,NA,44,NA,NA,NA,NA,NA,NA,NA
"308",202201,94,10,"F30","RA",69322,1,103.66,NA,1,2,NA,NA,NA,44,NA,NA,NA,NA,NA,NA,NA
"309",202201,94,10,"F30","RA",69322,1,102.87,NA,1,2,NA,NA,NA,44,NA,NA,NA,NA,NA,NA,NA
"310",202201,94,10,"F30","RA",69322,1,128.2,NA,1,2,NA,NA,NA,44,NA,NA,NA,NA,NA,NA,NA
"311",202201,94,10,"F30","RA",69322,1,105.24,NA,1,2,NA,NA,NA,44,NA,NA,NA,NA,NA,NA,NA
"312",202201,94,10,"F30","RA",69322,1,102.34,NA,1,2,NA,NA,NA,44,NA,NA,NA,NA,NA,NA,NA
"313",202201,94,10,"F30","RA",69322,1,107.53,NA,1,2,NA,NA,NA,44,NA,NA,NA,NA,NA,NA,NA
"314",202201,94,10,"F30","RA",69322,1,91.08,NA,1,2,NA,NA,NA,44,NA,NA,NA,NA,NA,NA,NA
"315",202201,94,10,"F30","RA",69322,1,112.74,NA,1,2,NA,NA,NA,44,NA,NA,NA,NA,NA,NA,NA
"316",202201,94,10,"F30","RA",69322,1,98.07,NA,1,2,NA,NA,NA,44,NA,NA,NA,NA,NA,NA,NA
"317",202201,94,10,"F30","RA",69322,1,105.54,NA,1,2,NA,NA,NA,44,NA,NA,NA,NA,NA,NA,NA
"318",202201,94,10,"F30","RA",69322,1,98.73,NA,1,2,NA,NA,NA,44,NA,NA,NA,NA,NA,NA,NA
"319",202201,94,10,"F30","RA",69322,1,98.13,NA,1,2,NA,NA,NA,44,NA,NA,NA,NA,NA,NA,NA
"320",202201,94,10,"F30","RA",69322,1,104.51,NA,1,2,NA,NA,NA,44,NA,NA,NA,NA,NA,NA,NA
"321",202201,94,10,"F30","RA",69322,1,98.85,NA,1,2,NA,NA,NA,44,NA,NA,NA,NA,NA,NA,NA
"322",202201,94,10,"F30","RA",69322,1,107.23,NA,1,2,NA,NA,NA,44,NA,NA,NA,NA,NA,NA,NA
"323",202201,94,10,"F30","RA",69322,1,143.31,NA,1,2,NA,NA,NA,44,NA,NA,NA,NA,NA,NA,NA
"324",202201,94,10,"F30","RA",69322,1,143.01,NA,1,2,NA,NA,NA,44,NA,NA,NA,NA,NA,NA,NA
"325",202201,94,10,"F30","RA",69322,1,158.84,NA,1,2,NA,NA,NA,44,NA,NA,NA,NA,NA,NA,NA
"326",202201,94,10,"F30","RA",69322,1,103.31,NA,1,2,NA,NA,NA,44,NA,NA,NA,NA,NA,NA,NA
"327",202201,94,10,"F30","RA",69322,1,152.5,NA,1,2,NA,NA,NA,44,NA,NA,NA,NA,NA,NA,NA
"328",202201,94,10,"F30","RA",69322,1,96.57,NA,1,2,NA,NA,NA,44,NA,NA,NA,NA,NA,NA,NA
"329",202201,94,10,"F30","RA",69322,1,141.52,NA,1,2,NA,NA,NA,44,NA,NA,NA,NA,NA,NA,NA
"330",202201,94,10,"F30","RA",69322,1,106.61,NA,1,2,NA,NA,NA,44,NA,NA,NA,NA,NA,NA,NA
"331",202201,94,10,"F30","RA",69322,1,154.15,NA,1,2,NA,NA,NA,44,NA,NA,NA,NA,NA,NA,NA
"332",202201,94,10,"F30","RA",69322,1,153.9,NA,1,2,NA,NA,NA,44,NA,NA,NA,NA,NA,NA,NA
"333",202201,94,10,"F30","RA",69322,1,134.18,NA,1,2,NA,NA,NA,44,NA,NA,NA,NA,NA,NA,NA
"334",202201,94,10,"F30","RA",69322,1,121.78,NA,1,2,NA,NA,NA,44,NA,NA,NA,NA,NA,NA,NA
"335",202201,94,10,"F30","RA",69322,1,123.04,NA,1,2,NA,NA,NA,44,NA,NA,NA,NA,NA,NA,NA
"336",202201,94,10,"F30","RA",69322,1,145.49,NA,1,2,NA,NA,NA,44,NA,NA,NA,NA,NA,NA,NA
"337",202201,94,10,"F30","RA",69322,1,98.04,NA,1,2,NA,NA,NA,44,NA,NA,NA,NA,NA,NA,NA
"338",202201,94,10,"F30","RA",69322,1,92.28,NA,1,2,NA,NA,NA,44,NA,NA,NA,NA,NA,NA,NA
"339",202201,94,10,"F30","RA",69322,1,143.17,NA,1,2,NA,NA,NA,44,NA,NA,NA,NA,NA,NA,NA
"340",202201,94,10,"F30","RA",69322,1,107.91,NA,1,2,NA,NA,NA,44,NA,NA,NA,NA,NA,NA,NA
"341",202201,94,10,"F30","RA",69322,1,140.37,NA,1,3,NA,NA,NA,44,NA,NA,NA,NA,NA,NA,NA
"342",202201,94,10,"F30","RA",69322,1,149.85,NA,1,3,NA,NA,NA,44,NA,NA,NA,NA,NA,NA,NA
"343",202201,94,10,"F30","RA",69322,1,148.29,NA,1,3,NA,NA,NA,44,NA,NA,NA,NA,NA,NA,NA
"344",202201,94,10,"F30","RA",69322,1,127.81,NA,1,2,NA,NA,NA,44,NA,NA,NA,NA,NA,NA,NA
"345",202201,94,10,"F30","RA",69322,2,95.13,NA,1,2,0,0,0,44,NA,NA,NA,NA,NA,NA,NA
"346",202201,94,10,"F30","RA",69322,2,85.22,NA,1,2,0,0,0,44,NA,NA,NA,NA,NA,NA,NA
"347",202201,94,10,"F30","RA",69322,2,94.28,NA,1,2,2,1,5,44,NA,NA,NA,NA,NA,NA,NA
"348",202201,94,10,"F30","RA",69322,2,101.67,NA,1,2,2,1,5,44,NA,NA,NA,NA,NA,NA,NA
"349",202201,94,10,"F30","RA",69322,2,94.94,NA,1,2,2,1,5,44,NA,NA,NA,NA,NA,NA,NA
"350",202201,94,10,"F30","RA",69322,2,96.83,NA,1,2,2,1,5,44,NA,NA,NA,NA,NA,NA,NA
"351",202201,94,10,"F30","RA",69322,2,84.28,NA,1,2,2,1,5,44,NA,NA,NA,NA,NA,NA,NA
"352",202201,94,10,"F30","RA",69322,2,100.96,NA,1,2,2,1,5,44,NA,NA,NA,NA,NA,NA,NA
"353",202201,94,10,"F30","RA",69322,2,83.82,NA,1,2,2,1,5,44,NA,NA,NA,NA,NA,NA,NA
"354",202201,94,10,"F30","RA",69322,2,93.3,NA,1,2,2,1,4,44,NA,NA,NA,NA,NA,NA,NA
"355",202201,94,10,"F30","RA",69322,2,97.35,NA,1,2,2,1,4,44,NA,NA,NA,NA,NA,NA,NA
"356",202201,94,10,"F30","RA",69322,2,101.01,NA,1,3,2,2,6,44,NA,NA,NA,NA,NA,NA,NA
"357",202201,94,10,"F30","RA",69322,2,119.32,NA,1,3,2,2,6,44,NA,NA,NA,NA,NA,NA,NA
"358",202201,94,10,"F30","RA",69322,2,90.78,NA,1,3,2,2,6,44,NA,NA,NA,NA,NA,NA,NA
"359",202201,94,10,"F30","RA",69322,2,114.84,NA,1,3,2,2,6,44,NA,NA,NA,NA,NA,NA,NA
"360",202201,94,10,"F30","RA",69322,2,114.81,NA,1,3,2,2,6,44,NA,NA,NA,NA,NA,NA,NA
"361",202201,94,10,"F30","RA",69322,2,96.23,NA,1,3,2,2,6,44,NA,NA,NA,NA,NA,NA,NA
"362",202201,94,10,"F30","RA",69322,2,108.84,NA,1,3,2,2,6,44,NA,NA,NA,NA,NA,NA,NA
"363",202201,94,10,"F30","RA",69322,2,128.84,NA,1,3,2,2,6,44,NA,NA,NA,NA,NA,NA,NA
"364",202201,94,10,"F30","RA",69322,2,112.55,NA,1,3,2,2,6,44,NA,NA,NA,NA,NA,NA,NA
"365",202201,94,10,"F30","RA",69322,2,133.35,NA,1,3,2,2,6,44,NA,NA,NA,NA,NA,NA,NA
"366",202201,94,10,"F30","RA",69322,2,152.75,NA,1,3,2,2,6,44,NA,NA,NA,NA,NA,NA,NA
"367",202201,94,10,"F30","RA",69322,2,143.49,NA,1,3,2,2,6,44,NA,NA,NA,NA,NA,NA,NA
"368",202201,94,10,"F30","RA",69322,2,141.22,NA,1,3,2,2,6,44,NA,NA,NA,NA,NA,NA,NA
"369",202201,94,10,"F30","RA",69322,2,128.93,NA,1,3,2,2,6,44,NA,NA,NA,NA,NA,NA,NA
"370",202201,94,10,"F30","RA",69322,2,153.94,NA,1,3,2,2,6,44,NA,NA,NA,NA,NA,NA,NA
"371",202201,94,10,"F30","RA",69322,2,120.87,NA,1,3,2,2,6,44,NA,NA,NA,NA,NA,NA,NA
"372",202201,94,10,"F30","RA",69322,2,120.36,NA,1,3,2,2,6,44,NA,NA,NA,NA,NA,NA,NA
"373",202201,94,10,"F30","RA",69322,2,119.34,NA,1,3,2,2,6,44,NA,NA,NA,NA,NA,NA,NA
"374",202201,94,10,"F30","RA",69322,2,128.37,NA,1,3,2,2,6,44,NA,NA,NA,NA,NA,NA,NA
"375",202201,94,10,"F30","RA",69322,2,120.65,NA,1,3,2,2,6,44,NA,NA,NA,NA,NA,NA,NA
"376",202201,94,10,"F30","RA",69322,2,112.78,NA,1,3,2,2,6,44,NA,NA,NA,NA,NA,NA,NA
"377",202201,94,10,"F30","RA",69322,2,117.76,NA,1,3,2,2,6,44,NA,NA,NA,NA,NA,NA,NA
"378",202201,94,10,"F30","RA",69322,2,127.03,NA,1,3,2,2,6,44,NA,NA,NA,NA,NA,NA,NA
"379",202201,94,10,"F30","RA",69322,2,121.49,NA,1,3,2,2,6,44,NA,NA,NA,NA,NA,NA,NA
"380",202201,94,10,"F30","RA",69322,2,138.94,NA,1,3,2,2,6,44,NA,NA,NA,NA,NA,NA,NA
"381",202201,94,10,"F30","RA",69322,2,128.15,NA,1,3,2,2,6,44,NA,NA,NA,NA,NA,NA,NA
"382",202201,94,10,"F30","RA",69322,2,133.12,NA,1,3,2,2,6,44,NA,NA,NA,NA,NA,NA,NA
"383",202201,94,11,"F29","CDB",69322,1,88.2,NA,1,2,NA,NA,NA,44,NA,NA,NA,NA,NA,NA,NA
"384",202201,94,11,"F29","CDB",69322,1,90.66,NA,1,2,NA,NA,NA,44,NA,NA,NA,NA,NA,NA,NA
"385",202201,94,11,"F29","CDB",69322,1,89.06,NA,1,2,NA,NA,NA,44,NA,NA,NA,NA,NA,NA,NA
"386",202201,94,11,"F29","CDB",69322,1,107.75,NA,1,2,NA,NA,NA,44,NA,NA,NA,NA,NA,NA,NA
"387",202201,94,11,"F29","CDB",69322,1,86.2,NA,1,2,NA,NA,NA,44,NA,NA,NA,NA,NA,NA,NA
"388",202201,94,11,"F29","CDB",69322,1,95.76,NA,1,2,NA,NA,NA,44,NA,NA,NA,NA,NA,NA,NA
"389",202201,94,11,"F29","CDB",69322,1,95.51,NA,1,2,NA,NA,NA,44,NA,NA,NA,NA,NA,NA,NA
"390",202201,94,11,"F29","CDB",69322,1,99.03,NA,1,2,NA,NA,NA,44,NA,NA,NA,NA,NA,NA,NA
"391",202201,94,11,"F29","CDB",69322,1,99.97,NA,1,2,NA,NA,NA,44,NA,NA,NA,NA,NA,NA,NA
"392",202201,94,11,"F29","CDB",69322,1,100.64,NA,1,2,NA,NA,NA,44,NA,NA,NA,NA,NA,NA,NA
"393",202201,94,11,"F29","CDB",69322,1,97.32,NA,1,2,NA,NA,NA,44,NA,NA,NA,NA,NA,NA,NA
"394",202201,94,11,"F29","CDB",69322,1,100.16,NA,1,2,NA,NA,NA,44,NA,NA,NA,NA,NA,NA,NA
"395",202201,94,11,"F29","CDB",69322,1,97.52,NA,1,2,NA,NA,NA,44,NA,NA,NA,NA,NA,NA,NA
"396",202201,94,11,"F29","CDB",69322,1,123.41,NA,1,2,NA,NA,NA,44,NA,NA,NA,NA,NA,NA,NA
"397",202201,94,11,"F29","CDB",69322,1,132.04,NA,1,2,NA,NA,NA,44,NA,NA,NA,NA,NA,NA,NA
"398",202201,94,11,"F29","CDB",69322,1,118.88,NA,1,2,NA,NA,NA,44,NA,NA,NA,NA,NA,NA,NA
"399",202201,94,11,"F29","CDB",69322,1,110.51,NA,1,2,NA,NA,NA,44,NA,NA,NA,NA,NA,NA,NA
"400",202201,94,11,"F29","CDB",69322,1,140.9,NA,1,2,NA,NA,NA,44,NA,NA,NA,NA,NA,NA,NA
"401",202201,94,11,"F29","CDB",69322,1,147.93,NA,1,2,NA,NA,NA,44,NA,NA,NA,NA,NA,NA,NA
"402",202201,94,11,"F29","CDB",69322,1,143.84,NA,1,3,NA,NA,NA,44,NA,NA,NA,NA,NA,NA,NA
"403",202201,94,11,"F29","CDB",69322,2,91.53,NA,1,2,0,0,0,44,NA,NA,NA,NA,NA,NA,NA
"404",202201,94,11,"F29","CDB",69322,2,87,NA,1,2,0,0,0,44,NA,NA,NA,NA,NA,NA,NA
"405",202201,94,11,"F29","CDB",69322,2,111.01,NA,1,2,2,1,5,44,NA,NA,NA,NA,NA,NA,NA
"406",202201,94,11,"F29","CDB",69322,2,97.6,NA,1,2,2,1,5,44,NA,NA,NA,NA,NA,NA,NA
"407",202201,94,11,"F29","CDB",69322,2,90.78,NA,1,2,2,1,5,44,NA,NA,NA,NA,NA,NA,NA
"408",202201,94,11,"F29","CDB",69322,2,99.84,NA,1,2,2,1,5,44,NA,NA,NA,NA,NA,NA,NA
"409",202201,94,11,"F29","CDB",69322,2,151.71,NA,1,3,2,2,6,44,NA,NA,NA,NA,NA,NA,NA
"410",202201,94,11,"F29","CDB",69322,2,118.45,NA,1,3,2,2,6,44,NA,NA,NA,NA,NA,NA,NA
"411",202201,94,12,"F28","B31",69322,1,92.14,NA,1,2,NA,NA,NA,44,NA,NA,NA,NA,NA,NA,NA
"412",202201,94,12,"F28","B31",69322,1,93.42,NA,1,2,NA,NA,NA,44,NA,NA,NA,NA,NA,NA,NA
"413",202201,94,12,"F28","B31",69322,1,92.53,NA,1,2,NA,NA,NA,44,NA,NA,NA,NA,NA,NA,NA
"414",202201,94,12,"F28","B31",69322,1,99.04,NA,1,2,NA,NA,NA,44,NA,NA,NA,NA,NA,NA,NA
"415",202201,94,12,"F28","B31",69322,1,94.29,NA,1,2,NA,NA,NA,44,NA,NA,NA,NA,NA,NA,NA
"416",202201,94,12,"F28","B31",69322,1,101.9,NA,1,2,NA,NA,NA,44,NA,NA,NA,NA,NA,NA,NA
"417",202201,94,12,"F28","B31",69322,1,99.36,NA,1,2,NA,NA,NA,44,NA,NA,NA,NA,NA,NA,NA
"418",202201,94,12,"F28","B31",69322,1,95,NA,1,2,NA,NA,NA,44,NA,NA,NA,NA,NA,NA,NA
"419",202201,94,12,"F28","B31",69322,1,90.64,NA,1,2,NA,NA,NA,44,NA,NA,NA,NA,NA,NA,NA
"420",202201,94,12,"F28","B31",69322,1,91.17,NA,1,2,NA,NA,NA,44,NA,NA,NA,NA,NA,NA,NA
"421",202201,94,12,"F28","B31",69322,1,97.33,NA,1,2,NA,NA,NA,44,NA,NA,NA,NA,NA,NA,NA
"422",202201,94,12,"F28","B31",69322,1,109,NA,1,2,NA,NA,NA,44,NA,NA,NA,NA,NA,NA,NA
"423",202201,94,12,"F28","B31",69322,1,120.08,NA,1,2,NA,NA,NA,44,NA,NA,NA,NA,NA,NA,NA
"424",202201,94,12,"F28","B31",69322,1,111.71,NA,1,2,NA,NA,NA,44,NA,NA,NA,NA,NA,NA,NA
"425",202201,94,12,"F28","B31",69322,1,107.66,NA,1,2,NA,NA,NA,44,NA,NA,NA,NA,NA,NA,NA
"426",202201,94,12,"F28","B31",69322,1,119.42,NA,1,2,NA,NA,NA,44,NA,NA,NA,NA,NA,NA,NA
"427",202201,94,12,"F28","B31",69322,1,116.9,NA,1,2,NA,NA,NA,44,NA,NA,NA,NA,NA,NA,NA
"428",202201,94,12,"F28","B31",69322,1,101.42,NA,1,2,NA,NA,NA,44,NA,NA,NA,NA,NA,NA,NA
"429",202201,94,12,"F28","B31",69322,1,117.08,NA,1,2,NA,NA,NA,44,NA,NA,NA,NA,NA,NA,NA
"430",202201,94,12,"F28","B31",69322,1,147.14,NA,1,2,NA,NA,NA,44,NA,NA,NA,NA,NA,NA,NA
"431",202201,94,12,"F28","B31",69322,1,141.19,NA,1,2,NA,NA,NA,44,NA,NA,NA,NA,NA,NA,NA
"432",202201,94,12,"F28","B31",69322,1,158.35,NA,1,2,NA,NA,NA,44,NA,NA,NA,NA,NA,NA,NA
"433",202201,94,12,"F28","B31",69322,2,102.62,NA,1,2,2,1,5,44,NA,NA,NA,NA,NA,NA,NA
"434",202201,94,12,"F28","B31",69322,2,91.55,NA,1,2,2,1,4,44,NA,NA,NA,NA,NA,NA,NA
"435",202201,94,12,"F28","B31",69322,2,134.97,NA,1,3,2,2,6,44,NA,NA,NA,NA,NA,NA,NA
"436",202201,94,12,"F28","B31",69322,2,118.94,NA,1,3,2,2,6,44,NA,NA,NA,NA,NA,NA,NA
"437",202201,94,12,"F28","B31",69322,2,123.35,NA,1,3,2,2,6,44,NA,NA,NA,NA,NA,NA,NA
"438",202201,94,12,"F28","B31",69322,2,117.59,NA,1,3,2,2,6,44,NA,NA,NA,NA,NA,NA,NA
"439",202201,94,12,"F28","B31",69322,2,138.28,NA,1,3,2,2,6,44,NA,NA,NA,NA,NA,NA,NA
"440",202201,94,12,"F28","B31",69322,2,116.38,NA,1,3,2,2,6,44,NA,NA,NA,NA,NA,NA,NA
"441",202201,94,12,"F28","B31",69322,2,145.56,NA,1,3,2,2,6,44,NA,NA,NA,NA,NA,NA,NA
"442",202201,94,12,"F28","B31",69322,2,152.8,NA,1,3,2,2,6,44,NA,NA,NA,NA,NA,NA,NA
"443",202201,94,13,"F27","RB",69322,1,159.02,NA,1,2,NA,NA,NA,44,NA,NA,NA,NA,NA,NA,NA
"444",202201,94,13,"F27","RB",69322,1,173.12,NA,1,2,NA,NA,NA,44,NA,NA,NA,NA,NA,NA,NA
"445",202201,94,13,"F27","RB",69322,1,98.47,NA,1,2,NA,NA,NA,44,NA,NA,NA,NA,NA,NA,NA
"446",202201,94,13,"F27","RB",69322,1,135.13,NA,1,2,NA,NA,NA,44,NA,NA,NA,NA,NA,NA,NA
"447",202201,94,13,"F27","RB",69322,1,103.57,NA,1,2,NA,NA,NA,44,NA,NA,NA,NA,NA,NA,NA
"448",202201,94,13,"F27","RB",69322,1,119.65,NA,1,2,NA,NA,NA,44,NA,NA,NA,NA,NA,NA,NA
"449",202201,94,13,"F27","RB",69322,1,108.26,NA,1,2,NA,NA,NA,44,NA,NA,NA,NA,NA,NA,NA
"450",202201,94,13,"F27","RB",69322,1,103.29,NA,1,2,NA,NA,NA,44,NA,NA,NA,NA,NA,NA,NA
"451",202201,94,13,"F27","RB",69322,1,152.71,NA,1,3,NA,NA,NA,44,NA,NA,NA,NA,NA,NA,NA
"452",202201,94,13,"F27","RB",69322,1,165.28,NA,1,3,NA,NA,NA,44,NA,NA,NA,NA,NA,NA,NA
"453",202201,94,13,"F27","RB",69322,1,172.41,NA,1,3,NA,NA,NA,44,NA,NA,NA,NA,NA,NA,NA
"454",202201,94,13,"F27","RB",69322,1,158.05,NA,1,3,NA,NA,NA,44,NA,NA,NA,NA,NA,NA,NA
"455",202201,94,13,"F27","RB",69322,1,156.75,NA,1,4,NA,NA,NA,44,NA,NA,NA,NA,NA,NA,NA
"456",202201,94,13,"F27","RB",69322,1,162.78,NA,1,4,NA,NA,NA,44,NA,NA,NA,NA,NA,NA,NA
"457",202201,94,13,"F27","RB",69322,1,161.62,NA,1,4,NA,NA,NA,44,NA,NA,NA,NA,NA,NA,NA
"458",202201,94,13,"F27","RB",69322,2,86.83,NA,1,2,0,0,0,44,NA,NA,NA,NA,NA,NA,NA
"459",202201,94,13,"F27","RB",69322,2,86.83,NA,1,2,0,0,0,44,NA,NA,NA,NA,NA,NA,NA
"460",202201,94,13,"F27","RB",69322,2,93,NA,1,2,2,1,5,44,NA,NA,NA,NA,NA,NA,NA
"461",202201,94,13,"F27","RB",69322,2,93,NA,1,2,2,1,5,44,NA,NA,NA,NA,NA,NA,NA
"462",202201,94,13,"F27","RB",69322,2,91.42,NA,1,2,2,1,4,44,NA,NA,NA,NA,NA,NA,NA
"463",202201,94,13,"F27","RB",69322,2,90.17,NA,1,2,2,1,4,44,NA,NA,NA,NA,NA,NA,NA
"464",202201,94,13,"F27","RB",69322,2,94.23,NA,1,2,2,1,4,44,NA,NA,NA,NA,NA,NA,NA
"465",202201,94,13,"F27","RB",69322,2,110.07,NA,1,3,2,2,6,44,NA,NA,NA,NA,NA,NA,NA
"466",202201,94,13,"F27","RB",69322,2,154.28,NA,1,3,2,2,6,44,NA,NA,NA,NA,NA,NA,NA
"467",202201,94,13,"F27","RB",69322,2,158.62,NA,1,3,2,2,6,44,NA,NA,NA,NA,NA,NA,NA
"468",202201,94,13,"F27","RB",69322,2,134.4,NA,1,3,2,2,6,44,NA,NA,NA,NA,NA,NA,NA
"469",202201,94,13,"F27","RB",69322,2,117.28,NA,1,3,2,2,6,44,NA,NA,NA,NA,NA,NA,NA
"470",202201,94,13,"F27","RB",69322,2,130.95,NA,1,3,2,2,6,44,NA,NA,NA,NA,NA,NA,NA
"471",202201,94,13,"F27","RB",69322,2,107.31,NA,1,3,2,2,6,44,NA,NA,NA,NA,NA,NA,NA
"472",202201,94,13,"F27","RB",69322,2,119.93,NA,1,3,2,2,6,44,NA,NA,NA,NA,NA,NA,NA
"473",202201,94,13,"F27","RB",69322,2,131.84,NA,1,3,2,2,6,44,NA,NA,NA,NA,NA,NA,NA
"474",202201,94,13,"F27","RB",69322,2,120.92,NA,1,3,2,2,6,44,NA,NA,NA,NA,NA,NA,NA
"475",202201,94,13,"F27","RB",69322,2,114.64,NA,1,3,2,2,6,44,NA,NA,NA,NA,NA,NA,NA
"476",202201,94,13,"F27","RB",69322,2,127.88,NA,1,3,2,2,6,44,NA,NA,NA,NA,NA,NA,NA
"477",202201,94,13,"F27","RB",69322,2,130.76,NA,1,3,2,2,6,44,NA,NA,NA,NA,NA,NA,NA
"478",202201,94,14,"F26","T44",69322,1,117.93,NA,1,2,NA,NA,NA,44,NA,NA,NA,NA,NA,NA,NA
"479",202201,94,14,"F26","T44",69322,1,98.41,NA,1,2,NA,NA,NA,44,NA,NA,NA,NA,NA,NA,NA
"480",202201,94,14,"F26","T44",69322,1,97.01,NA,1,2,NA,NA,NA,44,NA,NA,NA,NA,NA,NA,NA
"481",202201,94,14,"F26","T44",69322,1,105.07,NA,1,2,NA,NA,NA,44,NA,NA,NA,NA,NA,NA,NA
"482",202201,94,14,"F26","T44",69322,1,109.67,NA,1,2,NA,NA,NA,44,NA,NA,NA,NA,NA,NA,NA
"483",202201,94,14,"F26","T44",69322,1,113.18,NA,1,2,NA,NA,NA,44,NA,NA,NA,NA,NA,NA,NA
"484",202201,94,14,"F26","T44",69322,1,99.94,NA,1,2,NA,NA,NA,44,NA,NA,NA,NA,NA,NA,NA
"485",202201,94,14,"F26","T44",69322,1,100.1,NA,1,2,NA,NA,NA,44,NA,NA,NA,NA,NA,NA,NA
"486",202201,94,14,"F26","T44",69322,1,120.86,NA,1,2,NA,NA,NA,44,NA,NA,NA,NA,NA,NA,NA
"487",202201,94,14,"F26","T44",69322,1,120.85,NA,1,2,NA,NA,NA,44,NA,NA,NA,NA,NA,NA,NA
"488",202201,94,14,"F26","T44",69322,1,107.51,NA,1,2,NA,NA,NA,44,NA,NA,NA,NA,NA,NA,NA
"489",202201,94,14,"F26","T44",69322,1,128.03,NA,1,2,NA,NA,NA,44,NA,NA,NA,NA,NA,NA,NA
"490",202201,94,14,"F26","T44",69322,1,95.85,NA,1,2,NA,NA,NA,44,NA,NA,NA,NA,NA,NA,NA
"491",202201,94,14,"F26","T44",69322,1,103,NA,1,2,NA,NA,NA,44,NA,NA,NA,NA,NA,NA,NA
"492",202201,94,14,"F26","T44",69322,1,121.34,NA,1,2,NA,NA,NA,44,NA,NA,NA,NA,NA,NA,NA
"493",202201,94,14,"F26","T44",69322,1,138.7,NA,1,2,NA,NA,NA,44,NA,NA,NA,NA,NA,NA,NA
"494",202201,94,14,"F26","T44",69322,1,114.62,NA,1,2,NA,NA,NA,44,NA,NA,NA,NA,NA,NA,NA
"495",202201,94,14,"F26","T44",69322,1,148.88,NA,1,2,NA,NA,NA,44,NA,NA,NA,NA,NA,NA,NA
"496",202201,94,14,"F26","T44",69322,1,130.6,NA,1,2,NA,NA,NA,44,NA,NA,NA,NA,NA,NA,NA
"497",202201,94,14,"F26","T44",69322,1,123.98,NA,1,2,NA,NA,NA,44,NA,NA,NA,NA,NA,NA,NA
"498",202201,94,14,"F26","T44",69322,1,158.62,NA,1,2,NA,NA,NA,44,NA,NA,NA,NA,NA,NA,NA
"499",202201,94,14,"F26","T44",69322,1,144.19,NA,1,2,NA,NA,NA,44,NA,NA,NA,NA,NA,NA,NA
"500",202201,94,14,"F26","T44",69322,1,161.34,NA,1,2,NA,NA,NA,44,NA,NA,NA,NA,NA,NA,NA
"501",202201,94,14,"F26","T44",69322,1,151.29,NA,1,2,NA,NA,NA,44,NA,NA,NA,NA,NA,NA,NA
"502",202201,94,14,"F26","T44",69322,1,142.63,NA,1,2,NA,NA,NA,44,NA,NA,NA,NA,NA,NA,NA
"503",202201,94,14,"F26","T44",69322,1,146.89,NA,1,2,NA,NA,NA,44,NA,NA,NA,NA,NA,NA,NA
"504",202201,94,14,"F26","T44",69322,1,150.07,NA,1,2,NA,NA,NA,44,NA,NA,NA,NA,NA,NA,NA
"505",202201,94,14,"F26","T44",69322,1,167.28,NA,1,2,NA,NA,NA,44,NA,NA,NA,NA,NA,NA,NA
"506",202201,94,14,"F26","T44",69322,1,144.99,NA,1,2,NA,NA,NA,44,NA,NA,NA,NA,NA,NA,NA
"507",202201,94,14,"F26","T44",69322,1,152.2,NA,1,3,NA,NA,NA,44,NA,NA,NA,NA,NA,NA,NA
"508",202201,94,14,"F26","T44",69322,1,167.88,NA,1,3,NA,NA,NA,44,NA,NA,NA,NA,NA,NA,NA
"509",202201,94,14,"F26","T44",69322,1,182.73,NA,1,4,NA,NA,NA,44,NA,NA,NA,NA,NA,NA,NA
"510",202201,94,14,"F26","T44",69322,1,173.81,NA,1,4,NA,NA,NA,44,NA,NA,NA,NA,NA,NA,NA
"511",202201,94,14,"F26","T44",69322,2,103.94,NA,1,2,2,1,5,44,NA,NA,NA,NA,NA,NA,NA
"512",202201,94,14,"F26","T44",69322,2,106.21,NA,1,2,2,1,5,44,NA,NA,NA,NA,NA,NA,NA
"513",202201,94,14,"F26","T44",69322,2,94.52,NA,1,2,2,1,5,44,NA,NA,NA,NA,NA,NA,NA
"514",202201,94,14,"F26","T44",69322,2,95.43,NA,1,2,2,1,5,44,NA,NA,NA,NA,NA,NA,NA
"515",202201,94,14,"F26","T44",69322,2,110.82,NA,1,3,2,2,6,44,NA,NA,NA,NA,NA,NA,NA
"516",202201,94,14,"F26","T44",69322,2,99.18,NA,1,2,2,1,5,44,NA,NA,NA,NA,NA,NA,NA
"517",202201,94,14,"F26","T44",69322,2,124.41,NA,1,3,2,2,6,44,NA,NA,NA,NA,NA,NA,NA
"518",202201,94,14,"F26","T44",69322,2,140.04,NA,1,3,2,2,6,44,NA,NA,NA,NA,NA,NA,NA
"519",202201,94,15,"F25","BT",69322,1,102.48,NA,1,2,NA,NA,NA,44,NA,NA,NA,NA,NA,NA,NA
"520",202201,94,15,"F25","BT",69322,1,101.2,NA,1,2,NA,NA,NA,44,NA,NA,NA,NA,NA,NA,NA
"521",202201,94,15,"F25","BT",69322,1,101.57,NA,1,2,NA,NA,NA,44,NA,NA,NA,NA,NA,NA,NA
"522",202201,94,15,"F25","BT",69322,1,104.08,NA,1,2,NA,NA,NA,44,NA,NA,NA,NA,NA,NA,NA
"523",202201,94,15,"F25","BT",69322,1,91.91,NA,1,2,NA,NA,NA,44,NA,NA,NA,NA,NA,NA,NA
"524",202201,94,15,"F25","BT",69322,1,108.74,NA,1,2,NA,NA,NA,44,NA,NA,NA,NA,NA,NA,NA
"525",202201,94,15,"F25","BT",69322,1,109.54,NA,1,2,NA,NA,NA,44,NA,NA,NA,NA,NA,NA,NA
"526",202201,94,15,"F25","BT",69322,1,125.5,NA,1,2,NA,NA,NA,44,NA,NA,NA,NA,NA,NA,NA
"527",202201,94,15,"F25","BT",69322,1,151.63,NA,1,2,NA,NA,NA,44,NA,NA,NA,NA,NA,NA,NA
"528",202201,94,15,"F25","BT",69322,1,152.72,NA,1,2,NA,NA,NA,44,NA,NA,NA,NA,NA,NA,NA
"529",202201,94,15,"F25","BT",69322,1,148.61,NA,1,2,NA,NA,NA,44,NA,NA,NA,NA,NA,NA,NA
"530",202201,94,15,"F25","BT",69322,1,163.45,NA,1,2,NA,NA,NA,44,NA,NA,NA,NA,NA,NA,NA
"531",202201,94,15,"F25","BT",69322,1,138.74,NA,1,3,NA,NA,NA,44,NA,NA,NA,NA,NA,NA,NA
"532",202201,94,15,"F25","BT",69322,1,142.92,NA,1,3,NA,NA,NA,44,NA,NA,NA,NA,NA,NA,NA
"533",202201,94,15,"F25","BT",69322,1,148.36,NA,1,3,NA,NA,NA,44,NA,NA,NA,NA,NA,NA,NA
"534",202201,94,15,"F25","BT",69322,1,164.85,NA,1,3,NA,NA,NA,44,NA,NA,NA,NA,NA,NA,NA
"535",202201,94,15,"F25","BT",69322,2,91.07,NA,1,2,0,0,0,44,NA,NA,NA,NA,NA,NA,NA
"536",202201,94,15,"F25","BT",69322,2,99.62,NA,1,2,2,1,5,44,NA,NA,NA,NA,NA,NA,NA
"537",202201,94,15,"F25","BT",69322,2,97.76,NA,1,2,2,1,5,44,NA,NA,NA,NA,NA,NA,NA
"538",202201,94,15,"F25","BT",69322,2,89.87,NA,1,2,2,1,4,44,NA,NA,NA,NA,NA,NA,NA
"539",202201,94,15,"F25","BT",69322,2,137.11,NA,1,3,2,2,6,44,NA,NA,NA,NA,NA,NA,NA
"540",202201,94,15,"F25","BT",69322,2,101.24,NA,1,3,2,2,6,44,NA,NA,NA,NA,NA,NA,NA
"541",202201,94,15,"F25","BT",69322,2,136.73,NA,1,3,2,2,6,44,NA,NA,NA,NA,NA,NA,NA
"542",202201,94,15,"F25","BT",69322,2,117.66,NA,1,3,2,2,6,44,NA,NA,NA,NA,NA,NA,NA
"543",202201,94,15,"F25","BT",69322,2,114.13,NA,1,3,2,2,6,44,NA,NA,NA,NA,NA,NA,NA
"544",202201,94,16,"F24","L5",69322,1,99.28,NA,1,2,NA,NA,NA,44,NA,NA,NA,NA,NA,NA,NA
"545",202201,94,16,"F24","L5",69322,1,92.31,NA,1,2,NA,NA,NA,44,NA,NA,NA,NA,NA,NA,NA
"546",202201,94,16,"F24","L5",69322,1,150.35,NA,1,2,NA,NA,NA,44,NA,NA,NA,NA,NA,NA,NA
"547",202201,94,16,"F24","L5",69322,1,145.84,NA,1,2,NA,NA,NA,44,NA,NA,NA,NA,NA,NA,NA
"548",202201,94,16,"F24","L5",69322,1,100.27,NA,1,2,NA,NA,NA,44,NA,NA,NA,NA,NA,NA,NA
"549",202201,94,16,"F24","L5",69322,1,93.59,NA,1,2,NA,NA,NA,44,NA,NA,NA,NA,NA,NA,NA
"550",202201,94,16,"F24","L5",69322,1,110.31,NA,1,2,NA,NA,NA,44,NA,NA,NA,NA,NA,NA,NA
"551",202201,94,16,"F24","L5",69322,1,89.38,NA,1,2,NA,NA,NA,44,NA,NA,NA,NA,NA,NA,NA
"552",202201,94,16,"F24","L5",69322,1,113.28,NA,1,2,NA,NA,NA,44,NA,NA,NA,NA,NA,NA,NA
"553",202201,94,16,"F24","L5",69322,1,120.25,NA,1,2,NA,NA,NA,44,NA,NA,NA,NA,NA,NA,NA
"554",202201,94,16,"F24","L5",69322,1,134.61,NA,1,2,NA,NA,NA,44,NA,NA,NA,NA,NA,NA,NA
"555",202201,94,16,"F24","L5",69322,1,126.31,NA,1,2,NA,NA,NA,44,NA,NA,NA,NA,NA,NA,NA
"556",202201,94,16,"F24","L5",69322,1,133.11,NA,1,2,NA,NA,NA,44,NA,NA,NA,NA,NA,NA,NA
"557",202201,94,16,"F24","L5",69322,1,120.14,NA,1,2,NA,NA,NA,44,NA,NA,NA,NA,NA,NA,NA
"558",202201,94,16,"F24","L5",69322,1,127.52,NA,1,2,NA,NA,NA,44,NA,NA,NA,NA,NA,NA,NA
"559",202201,94,16,"F24","L5",69322,1,97.83,NA,1,2,NA,NA,NA,44,NA,NA,NA,NA,NA,NA,NA
"560",202201,94,16,"F24","L5",69322,1,111.33,NA,1,2,NA,NA,NA,44,NA,NA,NA,NA,NA,NA,NA
"561",202201,94,16,"F24","L5",69322,1,113.84,NA,1,2,NA,NA,NA,44,NA,NA,NA,NA,NA,NA,NA
"562",202201,94,16,"F24","L5",69322,1,141.24,NA,1,2,NA,NA,NA,44,NA,NA,NA,NA,NA,NA,NA
"563",202201,94,16,"F24","L5",69322,1,139.28,NA,1,3,NA,NA,NA,44,NA,NA,NA,NA,NA,NA,NA
"564",202201,94,16,"F24","L5",69322,2,94.75,NA,1,2,0,0,0,44,NA,NA,NA,NA,NA,NA,NA
"565",202201,94,16,"F24","L5",69322,2,93.63,NA,1,2,2,1,5,44,NA,NA,NA,NA,NA,NA,NA
"566",202201,94,16,"F24","L5",69322,2,94.15,NA,1,2,2,1,5,44,NA,NA,NA,NA,NA,NA,NA
"567",202201,94,16,"F24","L5",69322,2,87.19,NA,1,2,2,1,5,44,NA,NA,NA,NA,NA,NA,NA
"568",202201,94,16,"F24","L5",69322,2,99.28,NA,1,2,2,1,5,44,NA,NA,NA,NA,NA,NA,NA
"569",202201,94,16,"F24","L5",69322,2,89.55,NA,1,2,2,1,4,44,NA,NA,NA,NA,NA,NA,NA
"570",202201,94,16,"F24","L5",69322,2,118.45,NA,1,3,2,2,6,44,NA,NA,NA,NA,NA,NA,NA
"571",202201,94,16,"F24","L5",69322,2,139.21,NA,1,3,2,2,6,44,NA,NA,NA,NA,NA,NA,NA
"572",202201,94,17,"F23","JFK",69322,1,100.21,NA,1,2,NA,NA,NA,44,NA,NA,NA,NA,NA,NA,NA
"573",202201,94,17,"F23","JFK",69322,1,151.3,NA,1,2,NA,NA,NA,44,NA,NA,NA,NA,NA,NA,NA
"574",202201,94,17,"F23","JFK",69322,1,114.13,NA,1,2,NA,NA,NA,44,NA,NA,NA,NA,NA,NA,NA
"575",202201,94,17,"F23","JFK",69322,1,106.01,NA,1,2,NA,NA,NA,44,NA,NA,NA,NA,NA,NA,NA
"576",202201,94,17,"F23","JFK",69322,1,124.1,NA,1,2,NA,NA,NA,44,NA,NA,NA,NA,NA,NA,NA
"577",202201,94,17,"F23","JFK",69322,1,154.8,NA,1,4,NA,NA,NA,44,NA,NA,NA,NA,NA,NA,NA
"578",202201,94,17,"F23","JFK",69322,2,107.32,NA,1,2,2,1,5,44,NA,NA,NA,NA,NA,NA,NA
"579",202201,94,18,"F22","X195",69322,1,123.78,NA,1,2,NA,NA,NA,44,NA,NA,NA,NA,NA,NA,NA
"580",202201,94,18,"F22","X195",69322,1,114.8,NA,1,2,NA,NA,NA,44,NA,NA,NA,NA,NA,NA,NA
"581",202201,94,18,"F22","X195",69322,1,116.84,NA,1,2,NA,NA,NA,44,NA,NA,NA,NA,NA,NA,NA
"582",202201,94,18,"F22","X195",69322,1,96.6,NA,1,2,NA,NA,NA,44,NA,NA,NA,NA,NA,NA,NA
"583",202201,94,18,"F22","X195",69322,1,100.98,NA,1,2,NA,NA,NA,44,NA,NA,NA,NA,NA,NA,NA
"584",202201,94,18,"F22","X195",69322,1,101.44,NA,1,2,NA,NA,NA,44,NA,NA,NA,NA,NA,NA,NA
"585",202201,94,18,"F22","X195",69322,1,83.94,NA,1,2,NA,NA,NA,44,NA,NA,NA,NA,NA,NA,NA
"586",202201,94,18,"F22","X195",69322,1,93.06,NA,1,2,NA,NA,NA,44,NA,NA,NA,NA,NA,NA,NA
"587",202201,94,18,"F22","X195",69322,1,78.41,NA,1,2,NA,NA,NA,44,NA,NA,NA,NA,NA,NA,NA
"588",202201,94,18,"F22","X195",69322,1,82.62,NA,1,2,NA,NA,NA,44,NA,NA,NA,NA,NA,NA,NA
"589",202201,94,18,"F22","X195",69322,1,96.96,NA,1,2,NA,NA,NA,44,NA,NA,NA,NA,NA,NA,NA
"590",202201,94,18,"F22","X195",69322,1,119.45,NA,1,2,NA,NA,NA,44,NA,NA,NA,NA,NA,NA,NA
"591",202201,94,18,"F22","X195",69322,1,84.35,NA,1,2,NA,NA,NA,44,NA,NA,NA,NA,NA,NA,NA
"592",202201,94,18,"F22","X195",69322,1,133.16,NA,1,2,NA,NA,NA,44,NA,NA,NA,NA,NA,NA,NA
"593",202201,94,18,"F22","X195",69322,1,140.73,NA,1,2,NA,NA,NA,44,NA,NA,NA,NA,NA,NA,NA
"594",202201,94,18,"F22","X195",69322,1,146.33,NA,1,2,NA,NA,NA,44,NA,NA,NA,NA,NA,NA,NA
"595",202201,94,18,"F22","X195",69322,1,131.63,NA,1,2,NA,NA,NA,44,NA,NA,NA,NA,NA,NA,NA
"596",202201,94,18,"F22","X195",69322,1,137.61,NA,1,2,NA,NA,NA,44,NA,NA,NA,NA,NA,NA,NA
"597",202201,94,18,"F22","X195",69322,1,149.64,NA,1,2,NA,NA,NA,44,NA,NA,NA,NA,NA,NA,NA
"598",202201,94,18,"F22","X195",69322,1,143.42,NA,1,2,NA,NA,NA,44,NA,NA,NA,NA,NA,NA,NA
"599",202201,94,18,"F22","X195",69322,1,118.55,NA,1,2,NA,NA,NA,44,NA,NA,NA,NA,NA,NA,NA
"600",202201,94,18,"F22","X195",69322,1,138.05,NA,1,2,NA,NA,NA,44,NA,NA,NA,NA,NA,NA,NA
"601",202201,94,18,"F22","X195",69322,1,138.32,NA,1,2,NA,NA,NA,44,NA,NA,NA,NA,NA,NA,NA
"602",202201,94,18,"F22","X195",69322,1,151.39,NA,1,2,NA,NA,NA,44,NA,NA,NA,NA,NA,NA,NA
"603",202201,94,18,"F22","X195",69322,1,118.87,NA,1,3,NA,NA,NA,44,NA,NA,NA,NA,NA,NA,NA
"604",202201,94,18,"F22","X195",69322,1,151.92,NA,1,3,NA,NA,NA,44,NA,NA,NA,NA,NA,NA,NA
"605",202201,94,18,"F22","X195",69322,2,94.83,NA,1,2,0,0,0,44,NA,NA,NA,NA,NA,NA,NA
"606",202201,94,18,"F22","X195",69322,2,90.05,NA,1,2,0,0,0,44,NA,NA,NA,NA,NA,NA,NA
"607",202201,94,18,"F22","X195",69322,2,88.64,NA,1,2,2,1,5,44,NA,NA,NA,NA,NA,NA,NA
"608",202201,94,18,"F22","X195",69322,2,91.71,NA,1,2,2,1,5,44,NA,NA,NA,NA,NA,NA,NA
"609",202201,94,18,"F22","X195",69322,2,97.46,NA,1,2,2,1,5,44,NA,NA,NA,NA,NA,NA,NA
"610",202201,94,18,"F22","X195",69322,2,112.51,NA,1,2,2,1,5,44,NA,NA,NA,NA,NA,NA,NA
"611",202201,94,18,"F22","X195",69322,2,103.2,NA,1,2,2,1,5,44,NA,NA,NA,NA,NA,NA,NA
"612",202201,94,18,"F22","X195",69322,2,83.72,NA,1,2,2,1,5,44,NA,NA,NA,NA,NA,NA,NA
"613",202201,94,18,"F22","X195",69322,2,106.38,NA,1,2,2,1,5,44,NA,NA,NA,NA,NA,NA,NA
"614",202201,94,18,"F22","X195",69322,2,104.65,NA,1,2,2,1,5,44,NA,NA,NA,NA,NA,NA,NA
"615",202201,94,18,"F22","X195",69322,2,102.72,NA,1,2,2,1,5,44,NA,NA,NA,NA,NA,NA,NA
"616",202201,94,18,"F22","X195",69322,2,89.95,NA,1,2,2,1,5,44,NA,NA,NA,NA,NA,NA,NA
"617",202201,94,18,"F22","X195",69322,2,92.08,NA,1,2,2,1,5,44,NA,NA,NA,NA,NA,NA,NA
"618",202201,94,18,"F22","X195",69322,2,120.41,NA,1,3,2,2,6,44,NA,NA,NA,NA,NA,NA,NA
"619",202201,94,18,"F22","X195",69322,2,144.15,NA,1,3,2,2,6,44,NA,NA,NA,NA,NA,NA,NA
"620",202201,94,18,"F22","X195",69322,2,139.54,NA,1,3,2,2,6,44,NA,NA,NA,NA,NA,NA,NA
"621",202201,94,18,"F22","X195",69322,2,116.55,NA,1,3,2,2,6,44,NA,NA,NA,NA,NA,NA,NA
"622",202201,94,19,"F21","L63",69322,1,127.99,NA,1,2,NA,NA,NA,44,NA,NA,NA,NA,NA,NA,NA
"623",202201,94,19,"F21","L63",69322,1,151.93,NA,1,2,NA,NA,NA,44,NA,NA,NA,NA,NA,NA,NA
"624",202201,94,19,"F21","L63",69322,1,118.63,NA,1,2,NA,NA,NA,44,NA,NA,NA,NA,NA,NA,NA
"625",202201,94,19,"F21","L63",69322,1,91.9,NA,1,2,NA,NA,NA,44,NA,NA,NA,NA,NA,NA,NA
"626",202201,94,19,"F21","L63",69322,1,93.83,NA,1,2,NA,NA,NA,44,NA,NA,NA,NA,NA,NA,NA
"627",202201,94,19,"F21","L63",69322,1,137.47,NA,1,2,NA,NA,NA,44,NA,NA,NA,NA,NA,NA,NA
"628",202201,94,19,"F21","L63",69322,1,102.9,NA,1,2,NA,NA,NA,44,NA,NA,NA,NA,NA,NA,NA
"629",202201,94,19,"F21","L63",69322,1,103.21,NA,1,2,NA,NA,NA,44,NA,NA,NA,NA,NA,NA,NA
"630",202201,94,19,"F21","L63",69322,1,125.68,NA,1,2,NA,NA,NA,44,NA,NA,NA,NA,NA,NA,NA
"631",202201,94,19,"F21","L63",69322,1,117.57,NA,1,2,NA,NA,NA,44,NA,NA,NA,NA,NA,NA,NA
"632",202201,94,19,"F21","L63",69322,1,151.64,NA,1,2,NA,NA,NA,44,NA,NA,NA,NA,NA,NA,NA
"633",202201,94,19,"F21","L63",69322,1,137.15,NA,1,2,NA,NA,NA,44,NA,NA,NA,NA,NA,NA,NA
"634",202201,94,19,"F21","L63",69322,1,150.01,NA,1,3,NA,NA,NA,44,NA,NA,NA,NA,NA,NA,NA
"635",202201,94,19,"F21","L63",69322,2,93.93,NA,1,2,2,1,4,44,NA,NA,NA,NA,NA,NA,NA
"636",202201,94,20,"F20","T20",69322,1,132.62,NA,1,2,NA,NA,NA,44,NA,NA,NA,NA,NA,NA,NA
"637",202201,94,20,"F20","T20",69322,1,125.75,NA,1,2,NA,NA,NA,44,NA,NA,NA,NA,NA,NA,NA
"638",202201,94,20,"F20","T20",69322,1,159.29,NA,1,2,NA,NA,NA,44,NA,NA,NA,NA,NA,NA,NA
"639",202201,94,20,"F20","T20",69322,1,150.08,NA,1,2,NA,NA,NA,44,NA,NA,NA,NA,NA,NA,NA
"640",202201,94,20,"F20","T20",69322,1,126.31,NA,1,2,NA,NA,NA,44,NA,NA,NA,NA,NA,NA,NA
"641",202201,94,20,"F20","T20",69322,1,116.18,NA,1,2,NA,NA,NA,44,NA,NA,NA,NA,NA,NA,NA
"642",202201,94,20,"F20","T20",69322,1,151.92,NA,1,2,NA,NA,NA,44,NA,NA,NA,NA,NA,NA,NA
"643",202201,94,20,"F20","T20",69322,1,149.36,NA,1,2,NA,NA,NA,44,NA,NA,NA,NA,NA,NA,NA
"644",202201,94,20,"F20","T20",69322,2,97.64,NA,1,2,2,1,5,44,NA,NA,NA,NA,NA,NA,NA
"645",202201,94,20,"F20","T20",69322,2,100.41,NA,1,2,2,1,5,44,NA,NA,NA,NA,NA,NA,NA
"646",202201,94,20,"F20","T20",69322,2,135.22,NA,1,3,2,2,6,44,NA,NA,NA,NA,NA,NA,NA
