"","EBS","NBS","EBS_NBS","BBRKC","PribRKC","NorthRKC","PribBKC","StMattBKC","TannerE","TannerW","Snow","Hybrid","Hair","NSRKC","BKCNBS","TannerNBS","SnowNBS","HybridNBS","HairNBS"
"1","H-13","NBS-8","H-13","A-02","C-18","L-01","C-01","M-24","A-04","A-02","A-02","A-02","A-02","AA-02","NBS-8","NBS-8","NBS-8","NBS-8","NBS-8"
"2","I-20","NBS-14","I-20","A-03","D-18","L-02","C-18","M-25","A-05","A-03","A-03","A-03","A-03","AA-03","NBS-14","NBS-14","NBS-14","NBS-14","NBS-14"
"3","A-03","NBS-19","A-03","A-04","E-18","L-03","D-01","M-26","A-06","B-01","A-04","A-04","A-04","AA-04","NBS-19","NBS-19","NBS-19","NBS-19","NBS-19"
"4","E-07","NBS-26","E-07","A-05","E-19","L-04","D-18","M-27","B-04","B-02","A-05","A-05","A-05","AA-05","NBS-26","NBS-26","NBS-26","NBS-26","NBS-26"
"5","G-09","NBS-27","G-09","A-06","E-20","L-05","E-01","M-28","B-05","B-03","A-06","A-06","A-06","AA-06","NBS-27","NBS-27","NBS-27","NBS-27","NBS-27"
"6","F-12","NBS-29","F-12","B-01","E-21","L-06","E-18","ML2726","B-06","C-01","B-01","B-01","B-01","AA-07","NBS-29","NBS-29","NBS-29","NBS-29","NBS-29"
"7","D-01","NBS-21","D-01","B-02","E-22","L-07","E-19","ML2827","B-07","C-02","B-02","B-02","B-02","AA-08","NBS-21","NBS-21","NBS-21","NBS-21","NBS-21"
"8","I-13","NBS-22","I-13","B-03","F-18","L-08","E-20","ML2928","B-08","C-03","B-03","B-03","B-03","AA-10","NBS-22","NBS-22","NBS-22","NBS-22","NBS-22"
"9","G-06","NBS-1","G-06","B-04","F-19","L-09","E-21","N-22","C-04","C-18","B-04","B-04","B-04","BB-02","NBS-1","NBS-1","NBS-1","NBS-1","NBS-1"
"10","I-09","NBS-2","I-09","B-05","F-20","L-18","E-22","N-23","C-05","D-01","B-05","B-05","B-05","BB-03","NBS-2","NBS-2","NBS-2","NBS-2","NBS-2"
"11","K-18","NBS-5","K-18","B-06","F-21","L-19","F-01","N-24","C-06","D-02","B-06","B-06","B-06","BB-04","NBS-5","NBS-5","NBS-5","NBS-5","NBS-5"
"12","IH2120","NBS-6","IH2120","B-07","F-22","L-20","F-18","N-25","C-07","D-03","B-07","B-07","B-07","BB-05","NBS-6","NBS-6","NBS-6","NBS-6","NBS-6"
"13","K-26","NBS-7","K-26","B-08","F-23","L-22","F-19","N-26","C-08","D-18","B-08","B-08","B-08","BB-06","NBS-7","NBS-7","NBS-7","NBS-7","NBS-7"
"14","J-11","NBS-12","J-11","C-01","F-24","M-01","F-20","N-27","C-09","E-01","C-01","C-01","C-01","BB-07","NBS-12","NBS-12","NBS-12","NBS-12","NBS-12"
"15","H-05","NBS-17","H-05","C-02","F-25","M-02","F-21","N-28","D-04","E-02","C-02","C-02","C-02","BB-08","NBS-17","NBS-17","NBS-17","NBS-17","NBS-17"
"16","D-02","NBS-10","D-02","C-03","FE2120","M-03","F-22","NM2524","D-05","E-03","C-03","C-03","C-03","BB-09","NBS-10","NBS-10","NBS-10","NBS-10","NBS-10"
"17","H-15","NBS-4","H-15","C-04","FE2221","M-04","F-23","NM2625","D-06","E-18","C-04","C-04","C-04","BB-10","NBS-4","NBS-4","NBS-4","NBS-4","NBS-4"
"18","G-05","NBS-15","G-05","C-05","G-18","M-05","F-24","NM2726","D-07","E-19","C-05","C-05","C-05","CC-02","NBS-15","NBS-15","NBS-15","NBS-15","NBS-15"
"19","J-03","NBS-23","J-03","C-06","G-19","M-06","F-25","NM2827","D-08","E-20","C-06","C-06","C-06","CC-03","NBS-23","NBS-23","NBS-23","NBS-23","NBS-23"
"20","G-25","NBS-31","G-25","C-07","G-20","M-07","FE2120","NM2928","D-09","E-21","C-07","C-07","C-07","CC-04","NBS-31","NBS-31","NBS-31","NBS-31","NBS-31"
"21","G-13","NBS-49","G-13","C-08","G-21","M-08","FE2221","O-22","D-10","E-22","C-08","C-08","C-08","CC-05","NBS-49","NBS-49","NBS-49","NBS-49","NBS-49"
"22","A-05","NBS-48","A-05","C-09","G-22","M-18","G-01","O-23","E-04","F-01","C-09","C-09","C-09","CC-06","NBS-48","NBS-48","NBS-48","NBS-48","NBS-48"
"23","G-20","NBS-43","G-20","D-01","G-23","M-19","G-18","O-24","E-05","F-02","C-18","C-18","C-18","CC-07","NBS-43","NBS-43","NBS-43","NBS-43","NBS-43"
"24","H-06","NBS-32","H-06","D-02","G-24","M-20","G-19","O-25","E-06","F-03","D-01","D-01","D-01","CC-08","NBS-32","NBS-32","NBS-32","NBS-32","NBS-32"
"25","I-18","NBS-33","I-18","D-03","G-25","M-22","G-20","O-26","E-07","F-18","D-02","D-02","D-02","CC-09","NBS-33","NBS-33","NBS-33","NBS-33","NBS-33"
"26","K-14","NBS-24","K-14","D-04","G-26","N-01","G-21","O-27","E-08","F-19","D-03","D-03","D-03","CC-10","NBS-24","NBS-24","NBS-24","NBS-24","NBS-24"
"27","E-03","NBS-9","E-03","D-05","GF1918","N-02","G-22","O-28","E-09","F-20","D-04","D-04","D-04","DD-02","NBS-9","NBS-9","NBS-9","NBS-9","NBS-9"
"28","J-08","NBS-25","J-08","D-06","GF2019","N-03","G-23","ON2524","E-10","F-21","D-05","D-05","D-05","DD-03","NBS-25","NBS-25","NBS-25","NBS-25","NBS-25"
"29","K-04","NBS-34","K-04","D-07","GF2120","N-04","G-24","ON2625","E-11","F-22","D-06","D-06","D-06","DD-09","NBS-34","NBS-34","NBS-34","NBS-34","NBS-34"
"30","C-04","NBS-44","C-04","D-08","GF2221","N-05","G-25","ON2726","E-12","F-23","D-07","D-07","D-07","EE-02","NBS-44","NBS-44","NBS-44","NBS-44","NBS-44"
"31","F-01","NBS-45","F-01","D-09","GF2322","N-06","G-26","ON2827","F-04","F-24","D-08","D-08","D-08","FF-02","NBS-45","NBS-45","NBS-45","NBS-45","NBS-45"
"32","J-14","NBS-36","J-14","D-10","GF2423","N-07","GF1918","ON2928","F-05","F-25","D-09","D-09","D-09","V-02","NBS-36","NBS-36","NBS-36","NBS-36","NBS-36"
"33","HG2221","NBS-46","HG2221","E-01","GF2524","N-18","GF2019","P-22","F-06","FE2120","D-10","D-10","D-10","V-03","NBS-46","NBS-46","NBS-46","NBS-46","NBS-46"
"34","K-27","NBS-47","K-27","E-02","H-18","N-19","GF2120","P-23","F-07","FE2221","D-18","D-18","D-18","W-02","NBS-47","NBS-47","NBS-47","NBS-47","NBS-47"
"35","E-08","NBS-37","E-08","E-03","H-19","N-20","GF2221","P-24","F-08","G-01","E-01","E-01","E-01","W-03","NBS-37","NBS-37","NBS-37","NBS-37","NBS-37"
"36","I-05","NBS-38","I-05","E-04","H-20","N-21","GF2322","P-25","F-09","G-02","E-02","E-02","E-02","X-02","NBS-38","NBS-38","NBS-38","NBS-38","NBS-38"
"37","C-07","NBS-39","C-07","E-05","H-21","N-22","GF2423","P-26","F-10","G-03","E-03","E-03","E-03","X-03","NBS-39","NBS-39","NBS-39","NBS-39","NBS-39"
"38","E-19","NBS-30","E-19","E-06","H-22","O-01","GF2524","P-27","F-11","G-18","E-04","E-04","E-04","Y-02","NBS-30","NBS-30","NBS-30","NBS-30","NBS-30"
"39","H-26","FF-18","H-26","E-07","H-23","O-02","H-01","P-28","F-12","G-19","E-05","E-05","E-05","Y-03","FF-18","FF-18","FF-18","FF-18","FF-18"
"40","I-22","FF-01","I-22","E-08","H-24","O-03","H-18","PO2423","F-13","G-20","E-06","E-06","E-06","Y-04","FF-01","FF-01","FF-01","FF-01","FF-01"
"41","H-09","FF-02","H-09","E-09","H-25","O-04","H-19","PO2524","F-14","G-21","E-07","E-07","E-07","ZZ-02","FF-02","FF-02","FF-02","FF-02","FF-02"
"42","G-15","EE-19","G-15","E-10","H-26","O-18","H-20","PO2625","G-04","G-22","E-08","E-08","E-08","ZZ-03","EE-19","EE-19","EE-19","EE-19","EE-19"
"43","K-01","EE-18","K-01","E-11","HG1918","O-19","H-21","PO2726","G-05","G-23","E-09","E-09","E-09","ZZ-04","EE-18","EE-18","EE-18","EE-18","EE-18"
"44","B-06","EE-02","B-06","E-12","HG2019","O-20","H-22","PO2827","G-06","G-24","E-10","E-10","E-10","ZZ-05","EE-02","EE-02","EE-02","EE-02","EE-02"
"45","JI2120","DD-20","JI2120","F-01","HG2120","O-23","H-23","PO2928","G-07","G-25","E-11","E-11","E-11","AA-02","DD-20","DD-20","DD-20","DD-20","DD-20"
"46","J-23","DD-19","J-23","F-02","HG2221","P-01","H-24","Q-22","G-08","G-26","E-12","E-12","E-12","AA-03","DD-19","DD-19","DD-19","DD-19","DD-19"
"47","D-18","DD-01","D-18","F-03","HG2322","P-18","H-25","Q-23","G-09","GF1918","E-18","E-18","E-18","AA-04","DD-01","DD-01","DD-01","DD-01","DD-01"
"48","H-03","DD-02","H-03","F-04","HG2423","P-19","H-26","Q-25","G-10","GF2019","E-19","E-19","E-19","AA-05","DD-02","DD-02","DD-02","DD-02","DD-02"
"49","D-03","DD-03","D-03","F-05","HG2524","P-20","HG1918","Q-26","G-11","GF2120","E-20","E-20","E-20","AA-06","DD-03","DD-03","DD-03","DD-03","DD-03"
"50","I-11","DD-09","I-11","F-06","HG2625","P-21","HG2019","Q-27","G-12","GF2221","E-21","E-21","E-21","AA-07","DD-09","DD-09","DD-09","DD-09","DD-09"
"51","H-18","CC-07","H-18","F-07","I-18","PO2423","HG2120","Q-28","G-13","GF2322","E-22","E-22","E-22","AA-08","CC-07","CC-07","CC-07","CC-07","CC-07"
"52","H-08","CC-08","H-08","F-08","I-19","Q-01","HG2221","QP2423","G-14","GF2423","F-01","F-01","F-01","AA-10","CC-08","CC-08","CC-08","CC-08","CC-08"
"53","Z-05","CC-09","Z-05","F-09","I-20","Q-02","HG2322","QP2524","G-15","GF2524","F-02","F-02","F-02","BB-02","CC-09","CC-09","CC-09","CC-09","CC-09"
"54","K-23","CC-10","K-23","F-10","I-21","Q-18","HG2423","QP2625","H-04","H-01","F-03","F-03","F-03","BB-03","CC-10","CC-10","CC-10","CC-10","CC-10"
"55","K-11","BB-21","K-11","F-11","I-22","Q-19","HG2524","QP2726","H-05","H-02","F-04","F-04","F-04","BB-04","BB-21","BB-21","BB-21","BB-21","BB-21"
"56","K-07","BB-20","K-07","F-12","I-23","Q-20","HG2625","QP2827","H-06","H-03","F-05","F-05","F-05","BB-05","BB-20","BB-20","BB-20","BB-20","BB-20"
"57","J-01","AA-10","J-01","F-13","I-24","Q-21","I-01","QP2928","H-07","H-18","F-06","F-06","F-06","BB-06","AA-10","AA-10","AA-10","AA-10","AA-10"
"58","F-13","ZZ-23","F-13","F-14","I-25","Q-23","I-18","R-22","H-08","H-19","F-07","F-07","F-07","BB-07","ZZ-23","ZZ-23","ZZ-23","ZZ-23","ZZ-23"
"59","J-12","ZZ-22","J-12","G-01","I-26","QP2423","I-19","R-23","H-09","H-20","F-08","F-08","F-08","BB-08","ZZ-22","ZZ-22","ZZ-22","ZZ-22","ZZ-22"
"60","J-18","ZZ-21","J-18","G-02","IH1918","R-22","I-20","R-24","H-10","H-21","F-09","F-09","F-09","BB-09","ZZ-21","ZZ-21","ZZ-21","ZZ-21","ZZ-21"
"61","G-21","ZZ-01","G-21","G-03","IH2019","V-26","I-21","R-25","H-11","H-22","F-10","F-10","F-10","BB-10","ZZ-01","ZZ-01","ZZ-01","ZZ-01","ZZ-01"
"62","H-11","ZZ-03","H-11","G-04","IH2120","L-01","I-22","R-26","H-12","H-23","F-11","F-11","F-11","CC-02","ZZ-03","ZZ-03","ZZ-03","ZZ-03","ZZ-03"
"63","C-06","ZZ-04","C-06","G-05","IH2221","L-02","I-23","R-27","H-13","H-24","F-12","F-12","F-12","CC-03","ZZ-04","ZZ-04","ZZ-04","ZZ-04","ZZ-04"
"64","G-19","ZZ-05","G-19","G-06","IH2322","L-03","I-24","R-28","H-14","H-25","F-13","F-13","F-13","CC-04","ZZ-05","ZZ-05","ZZ-05","ZZ-05","ZZ-05"
"65","E-11","Y-24","E-11","G-07","IH2423","L-04","I-25","RQ2827","H-15","H-26","F-14","F-14","F-14","CC-05","Y-24","Y-24","Y-24","Y-24","Y-24"
"66","K-20","Y-23","K-20","G-08","IH2524","L-05","I-26","S-22","H-16","HG1918","F-18","F-18","F-18","CC-06","Y-23","Y-23","Y-23","Y-23","Y-23"
"67","G-11","Y-22","G-11","G-09","IH2625","L-06","IH1918","S-23","I-04","HG2019","F-19","F-19","F-19","CC-07","Y-22","Y-22","Y-22","Y-22","Y-22"
"68","H-07","Y-20","H-07","G-10","IH2726","L-07","IH2019","S-24","I-05","HG2120","F-20","F-20","F-20","CC-08","Y-20","Y-20","Y-20","Y-20","Y-20"
"69","K-10","Y-18","K-10","G-11","J-18","L-08","IH2120","S-25","I-06","HG2221","F-21","F-21","F-21","CC-09","Y-18","Y-18","Y-18","Y-18","Y-18"
"70","F-22","Y-01","F-22","G-12","J-19","L-09","IH2221","S-26","I-07","HG2322","F-22","F-22","F-22","CC-10","Y-01","Y-01","Y-01","Y-01","Y-01"
"71","B-01","Y-02","B-01","G-13","J-20","L-18","IH2322","S-27","I-08","HG2423","F-23","F-23","F-23","DD-02","Y-02","Y-02","Y-02","Y-02","Y-02"
"72","C-02","Y-04","C-02","G-14","J-21","L-19","IH2423","S-28","I-09","HG2524","F-24","F-24","F-24","DD-03","Y-04","Y-04","Y-04","Y-04","Y-04"
"73","E-18","X-26","E-18","G-15","J-22","L-20","IH2524","M-24","I-10","HG2625","F-25","F-25","F-25","DD-09","X-26","X-26","X-26","X-26","X-26"
"74","J-07","X-25","J-07","H-01","J-23","L-22","IH2625","M-25","I-11","I-01","G-01","G-01","FE2120","EE-02","X-25","X-25","X-25","X-25","X-25"
"75","K-02","X-23","K-02","H-02","J-24","M-01","IH2726","M-26","I-12","I-02","G-02","G-02","FE2221","FF-02","X-23","X-23","X-23","X-23","X-23"
"76","K-05","X-22","K-05","H-03","J-25","M-02","J-01","M-27","I-13","I-03","G-03","G-03","G-01","V-02","X-22","X-22","X-22","X-22","X-22"
"77","G-02","X-21","G-02","H-04","J-26","M-03","J-18","M-28","I-14","I-18","G-04","G-04","G-02","V-03","X-21","X-21","X-21","X-21","X-21"
"78","H-22","X-19","H-22","H-05","JI1918","M-04","J-19","ML2726","I-15","I-19","G-05","G-05","G-03","W-02","X-19","X-19","X-19","X-19","X-19"
"79","C-18","X-18","C-18","H-06","JI2019","M-05","J-20","ML2827","I-16","I-20","G-06","G-06","G-04","W-03","X-18","X-18","X-18","X-18","X-18"
"80","I-10","X-01","I-10","H-07","JI2120","M-06","J-21","ML2928","J-04","I-21","G-07","G-07","G-05","X-02","X-01","X-01","X-01","X-01","X-01"
"81","GF2221","X-03","GF2221","H-08","JI2221","M-07","J-22","N-22","J-05","I-22","G-08","G-08","G-06","X-03","X-03","X-03","X-03","X-03","X-03"
"82","B-04","W-27","B-04","H-09","JI2322","M-08","J-23","N-23","J-06","I-23","G-09","G-09","G-07","Y-02","W-27","W-27","W-27","W-27","W-27"
"83","C-09","W-26","C-09","H-10","JI2423","M-18","J-24","N-24","J-07","I-24","G-10","G-10","G-08","Y-03","W-26","W-26","W-26","W-26","W-26"
"84","JI1918","W-25","JI1918","H-11","JI2524","M-19","J-25","N-25","J-08","I-25","G-11","G-11","G-09","Y-04","W-25","W-25","W-25","W-25","W-25"
"85","A-04","BB-18","A-04","H-12","JI2625","M-20","J-26","N-26","J-09","I-26","G-12","G-12","G-10","ZZ-02","BB-18","BB-18","BB-18","BB-18","BB-18"
"86","J-05","BB-01","J-05","H-13","K-18","M-22","JI1918","N-27","J-10","IH1918","G-13","G-13","G-11","ZZ-03","BB-01","BB-01","BB-01","BB-01","BB-01"
"87","J-04","BB-02","J-04","H-14","K-19","N-01","JI2019","N-28","J-11","IH2019","G-14","G-14","G-12","ZZ-04","BB-02","BB-02","BB-02","BB-02","BB-02"
"88","G-07","BB-04","G-07","H-15","K-20","N-02","JI2120","NM2524","J-12","IH2120","G-15","G-15","G-13","ZZ-05","BB-04","BB-04","BB-04","BB-04","BB-04"
"89","I-07","BB-05","I-07","H-16","K-21","N-03","JI2221","NM2625","J-13","IH2221","G-18","G-18","G-14","AA-02","BB-05","BB-05","BB-05","BB-05","BB-05"
"90","I-02","BB-06","I-02","I-01","K-22","N-04","JI2322","NM2726","J-14","IH2322","G-19","G-19","G-15","AA-03","BB-06","BB-06","BB-06","BB-06","BB-06"
"91","I-16","BB-07","I-16","I-02","K-23","N-05","JI2423","NM2827","J-15","IH2423","G-20","G-20","G-18","AA-04","BB-07","BB-07","BB-07","BB-07","BB-07"
"92","G-01","BB-09","G-01","I-03","K-24","N-06","JI2524","NM2928","J-16","IH2524","G-21","G-21","G-19","AA-05","BB-09","BB-09","BB-09","BB-09","BB-09"
"93","IH1918","BB-10","IH1918","I-04","K-25","N-07","JI2625","O-22","K-04","IH2625","G-22","G-22","G-20","AA-06","BB-10","BB-10","BB-10","BB-10","BB-10"
"94","K-03","AA-23","K-03","I-05","K-26","N-18","K-01","O-23","K-05","IH2726","G-23","G-23","G-21","AA-07","AA-23","AA-23","AA-23","AA-23","AA-23"
"95","C-05","AA-19","C-05","I-06","K-27","N-19","K-18","O-24","K-06","J-01","G-24","G-24","G-22","AA-08","AA-19","AA-19","AA-19","AA-19","AA-19"
"96","GF2019","AA-18","GF2019","I-07","KJ2322","N-20","K-19","O-25","K-07","J-02","G-25","G-25","G-23","AA-10","AA-18","AA-18","AA-18","AA-18","AA-18"
"97","J-24","AA-01","J-24","I-08","KJ2423","N-21","K-20","O-26","K-08","J-03","G-26","G-26","G-24","BB-02","AA-01","AA-01","AA-01","AA-01","AA-01"
"98","E-02","AA-03","E-02","I-09","KJ2524","N-22","K-21","O-27","K-09","J-18","GF1918","GF1918","G-25","BB-03","AA-03","AA-03","AA-03","AA-03","AA-03"
"99","E-21","AA-04","E-21","I-10","KJ2625","O-01","K-22","O-28","K-10","J-19","GF2019","GF2019","G-26","BB-04","AA-04","AA-04","AA-04","AA-04","AA-04"
"100","J-21","AA-05","J-21","I-11","KJ2726","O-02","K-23","ON2524","K-11","J-20","GF2120","GF2120","GF1918","BB-05","AA-05","AA-05","AA-05","AA-05","AA-05"
"101","D-08","AA-06","D-08","I-12","LK2625","O-03","K-24","ON2625","K-12","J-21","GF2221","GF2221","GF2019","BB-06","AA-06","AA-06","AA-06","AA-06","AA-06"
"102","I-01","AA-08","I-01","I-13","LK2726","O-04","K-25","ON2726","K-13","J-22","H-01","H-01","GF2120","BB-07","AA-08","AA-08","AA-08","AA-08","AA-08"
"103","G-04","CC-21","G-04","I-14","C-18","O-18","K-26","ON2827","K-14","J-23","H-02","H-02","GF2221","BB-08","CC-21","CC-21","CC-21","CC-21","CC-21"
"104","K-08","CC-20","K-08","I-15","D-18","O-19","K-27","ON2928","L-04","J-24","H-03","H-03","GF2322","BB-09","CC-20","CC-20","CC-20","CC-20","CC-20"
"105","E-04","CC-19","E-04","I-16","E-18","O-20","KJ2322","P-22","L-05","J-25","H-04","H-04","GF2423","BB-10","CC-19","CC-19","CC-19","CC-19","CC-19"
"106","H-24","CC-01","H-24","J-01","E-19","O-23","KJ2423","P-23","L-06","J-26","H-05","H-05","GF2524","CC-02","CC-01","CC-01","CC-01","CC-01","CC-01"
"107","H-23","CC-02","H-23","J-02","E-20","P-01","KJ2524","P-24","L-07","JI1918","H-06","H-06","H-01","CC-03","CC-02","CC-02","CC-02","CC-02","CC-02"
"108","H-10","CC-03","H-10","J-03","E-21","P-18","KJ2625","P-25","L-08","JI2019","H-07","H-07","H-02","CC-04","CC-03","CC-03","CC-03","CC-03","CC-03"
"109","I-14","CC-05","I-14","J-04","E-22","P-19","KJ2726","P-26","L-09","JI2120","H-08","H-08","H-03","CC-05","CC-05","CC-05","CC-05","CC-05","CC-05"
"110","GF2322","T-24","GF2322","J-05","F-18","P-20","LK2625","P-27","M-04","JI2221","H-09","H-09","H-04","CC-06","T-24","T-24","T-24","T-24","T-24"
"111","K-19","T-23","K-19","J-06","F-19","P-21","LK2726","P-28","M-05","JI2322","H-10","H-10","H-05","CC-07","T-23","T-23","T-23","T-23","T-23"
"112","D-10","T-22","D-10","J-07","F-20","PO2423","C-01","PO2423","M-06","JI2423","H-11","H-11","H-06","CC-08","T-22","T-22","T-22","T-22","T-22"
"113","H-16","T-20","H-16","J-08","F-21","Q-01","C-18","PO2524","M-07","JI2524","H-12","H-12","H-07","CC-09","T-20","T-20","T-20","T-20","T-20"
"114","D-06","T-19","D-06","J-09","F-22","Q-02","D-01","PO2625","M-08","JI2625","H-13","H-13","H-08","CC-10","T-19","T-19","T-19","T-19","T-19"
"115","K-09","T-18","K-09","J-10","F-23","Q-18","D-18","PO2726","N-04","K-01","H-14","H-14","H-09","DD-02","T-18","T-18","T-18","T-18","T-18"
"116","A-06","T-02","A-06","J-11","F-24","Q-19","E-01","PO2827","N-05","K-02","H-15","H-15","H-10","DD-03","T-02","T-02","T-02","T-02","T-02"
"117","I-08","T-03","I-08","J-12","F-25","Q-20","E-18","PO2928","N-06","K-03","H-16","H-16","H-11","DD-09","T-03","T-03","T-03","T-03","T-03"
"118","F-21","S-20","F-21","J-13","FE2120","Q-21","E-19","Q-22","N-07","K-18","H-18","H-18","H-12","EE-02","S-20","S-20","S-20","S-20","S-20"
"119","H-01","S-18","H-01","J-14","FE2221","Q-23","E-20","Q-23","O-04","K-19","H-19","H-19","H-13","FF-02","S-18","S-18","S-18","S-18","S-18"
"120","F-10","S-02","F-10","J-15","G-18","QP2423","E-21","Q-25","Z-05","K-20","H-20","H-20","H-14","V-02","S-02","S-02","S-02","S-02","S-02"
"121","E-10","S-03","E-10","J-16","G-19","R-22","E-22","Q-26","A-04","K-21","H-21","H-21","H-15","V-03","S-03","S-03","S-03","S-03","S-03"
"122","F-18","W-23","F-18","K-01","G-20","V-26","F-01","Q-27","A-05","K-22","H-22","H-22","H-16","W-02","W-23","W-23","W-23","W-23","W-23"
"123","B-05","W-21","B-05","K-02","G-21","L-01","F-18","Q-28","A-06","K-23","H-23","H-23","H-18","W-03","W-21","W-21","W-21","W-21","W-21"
"124","J-09","W-20","J-09","K-03","G-22","L-02","F-19","QP2423","B-04","K-24","H-24","H-24","H-19","X-02","W-20","W-20","W-20","W-20","W-20"
"125","B-08","W-19","B-08","K-04","G-23","L-03","F-20","QP2524","B-05","K-25","H-25","H-25","H-20","X-03","W-19","W-19","W-19","W-19","W-19"
"126","I-24","W-02","I-24","K-05","G-24","L-04","F-21","QP2625","B-06","K-26","H-26","H-26","H-21","Y-02","W-02","W-02","W-02","W-02","W-02"
"127","J-20","W-03","J-20","K-06","G-25","L-05","F-22","QP2726","B-07","K-27","HG1918","HG1918","H-22","Y-03","W-03","W-03","W-03","W-03","W-03"
"128","F-06","V-24","F-06","K-07","G-26","L-06","F-23","QP2827","B-08","KJ2322","HG2019","HG2019","H-23","Y-04","V-24","V-24","V-24","V-24","V-24"
"129","H-20","V-21","H-20","K-08","GF1918","L-07","F-24","QP2928","C-04","KJ2423","HG2120","HG2120","H-24","ZZ-02","V-21","V-21","V-21","V-21","V-21"
"130","E-20","V-20","E-20","K-09","GF2019","L-08","F-25","R-22","C-05","KJ2524","HG2221","HG2221","H-25","ZZ-03","V-20","V-20","V-20","V-20","V-20"
"131","JI2221","V-18","JI2221","K-10","GF2120","L-09","FE2120","R-23","C-06","KJ2625","I-01","I-01","H-26","ZZ-04","V-18","V-18","V-18","V-18","V-18"
"132","HG2120","V-02","HG2120","K-11","GF2221","L-18","FE2221","R-24","C-07","KJ2726","I-02","I-02","HG1918","ZZ-05","V-02","V-02","V-02","V-02","V-02"
"133","J-15","U-24","J-15","K-12","GF2322","L-19","G-01","R-25","C-08","L-01","I-03","I-03","HG2019","AA-02","U-24","U-24","U-24","U-24","U-24"
"134","G-18","U-23","G-18","K-13","GF2423","L-20","G-18","R-26","C-09","L-02","I-04","I-04","HG2120","AA-03","U-23","U-23","U-23","U-23","U-23"
"135","G-08","U-22","G-08","K-14","GF2524","L-22","G-19","R-27","D-04","L-03","I-05","I-05","HG2221","AA-04","U-22","U-22","U-22","U-22","U-22"
"136","B-07","U-19","B-07","Z-05","H-18","M-01","G-20","R-28","D-05","L-18","I-06","I-06","HG2322","AA-05","U-19","U-19","U-19","U-19","U-19"
"137","JI2019","U-18","JI2019","A-02","H-19","M-02","G-21","RQ2827","D-06","L-19","I-07","I-07","HG2423","AA-06","U-18","U-18","U-18","U-18","U-18"
"138","B-02","U-01","B-02","A-03","H-20","M-03","G-22","S-22","D-07","L-20","I-08","I-08","HG2524","AA-07","U-01","U-01","U-01","U-01","U-01"
"139","J-25","R-21","J-25","A-04","H-21","M-04","G-23","S-23","D-08","L-21","I-09","I-09","HG2625","AA-08","R-21","R-21","R-21","R-21","R-21"
"140","I-15","R-20","I-15","A-05","H-22","M-05","G-24","S-24","D-09","L-22","I-10","I-10","I-01","AA-10","R-20","R-20","R-20","R-20","R-20"
"141","H-02","R-18","H-02","A-06","H-23","M-06","G-25","S-25","D-10","L-23","I-11","I-11","I-02","BB-02","R-18","R-18","R-18","R-18","R-18"
"142","G-03","R-02","G-03","B-01","H-24","M-07","G-26","S-26","E-04","L-24","I-12","I-12","I-03","BB-03","R-02","R-02","R-02","R-02","R-02"
"143","I-25","R-03","I-25","B-02","H-25","M-08","GF1918","S-27","E-05","L-25","I-13","I-13","I-04","BB-04","R-03","R-03","R-03","R-03","R-03"
"144","B-03","EE-01","B-03","B-03","H-26","M-18","GF2019","S-28","E-06","L-26","I-14","I-14","I-05","BB-05","EE-01","EE-01","EE-01","EE-01","EE-01"
"145","IH2221","ZZ-02","IH2221","B-04","HG1918","M-19","GF2120","M-24","E-07","L-27","I-15","I-15","I-06","BB-06","ZZ-02","ZZ-02","ZZ-02","ZZ-02","ZZ-02"
"146","C-08","Y-25","C-08","B-05","HG2019","M-20","GF2221","M-25","E-08","L-28","I-16","I-16","I-07","BB-07","Y-25","Y-25","Y-25","Y-25","Y-25"
"147","D-05","Y-21","D-05","B-06","HG2120","M-22","GF2322","M-26","E-09","L-29","I-18","I-18","I-08","BB-08","Y-21","Y-21","Y-21","Y-21","Y-21"
"148","F-24","X-20","F-24","B-07","HG2221","N-01","GF2423","M-27","E-10","L-30","I-19","I-19","I-09","BB-09","X-20","X-20","X-20","X-20","X-20"
"149","J-10","X-02","J-10","B-08","HG2322","N-02","GF2524","M-28","E-11","L-31","I-20","I-20","I-10","BB-10","X-02","X-02","X-02","X-02","X-02"
"150","J-13","BB-03","J-13","C-01","HG2423","N-03","H-01","ML2726","E-12","LK2423","I-21","I-21","I-11","CC-02","BB-03","BB-03","BB-03","BB-03","BB-03"
"151","F-08","BB-08","F-08","C-02","HG2524","N-04","H-18","ML2827","F-04","LK2524","I-22","I-22","I-12","CC-03","BB-08","BB-08","BB-08","BB-08","BB-08"
"152","I-19","AA-22","I-19","C-03","HG2625","N-05","H-19","ML2928","F-05","LK2625","I-23","I-23","I-13","CC-04","AA-22","AA-22","AA-22","AA-22","AA-22"
"153","I-03","AA-02","I-03","C-04","I-18","N-06","H-20","N-22","F-06","LK2726","I-24","I-24","I-14","CC-05","AA-02","AA-02","AA-02","AA-02","AA-02"
"154","J-26","AA-07","J-26","C-05","I-19","N-07","H-21","N-23","F-07","M-01","I-25","I-25","I-15","CC-06","AA-07","AA-07","AA-07","AA-07","AA-07"
"155","A-02","CC-18","A-02","C-06","I-20","N-18","H-22","N-24","F-08","M-02","I-26","I-26","I-16","CC-07","CC-18","CC-18","CC-18","CC-18","CC-18"
"156","E-12","CC-04","E-12","C-07","I-21","N-19","H-23","N-25","F-09","M-03","IH1918","IH1918","I-18","CC-08","CC-04","CC-04","CC-04","CC-04","CC-04"
"157","G-10","S-21","G-10","C-08","I-22","N-20","H-24","N-26","F-10","M-18","IH2019","IH2019","I-19","CC-09","S-21","S-21","S-21","S-21","S-21"
"158","I-21","W-22","I-21","C-09","I-23","N-21","H-25","N-27","F-11","M-19","IH2120","IH2120","I-20","CC-10","W-22","W-22","W-22","W-22","W-22"
"159","D-07","W-01","D-07","D-01","I-24","N-22","H-26","N-28","F-12","M-20","IH2221","IH2221","I-21","DD-02","W-01","W-01","W-01","W-01","W-01"
"160","HG1918","V-22","HG1918","D-02","I-25","O-01","HG1918","NM2524","F-13","M-21","J-01","J-01","I-22","DD-03","V-22","V-22","V-22","V-22","V-22"
"161","F-04","V-01","F-04","D-03","I-26","O-02","HG2019","NM2625","F-14","M-22","J-02","J-02","I-23","DD-09","V-01","V-01","V-01","V-01","V-01"
"162","D-09","V-03","D-09","D-04","IH1918","O-03","HG2120","NM2726","G-04","M-23","J-03","J-03","I-24","EE-02","V-03","V-03","V-03","V-03","V-03"
"163","K-13","U-21","K-13","D-05","IH2019","O-04","HG2221","NM2827","G-05","M-24","J-04","J-04","I-25","FF-02","U-21","U-21","U-21","U-21","U-21"
"164","F-14","U-20","F-14","D-06","IH2120","O-18","HG2322","NM2928","G-06","M-25","J-05","J-05","I-26","V-02","U-20","U-20","U-20","U-20","U-20"
"165","C-01","U-02","C-01","D-07","IH2221","O-19","HG2423","O-22","G-07","M-26","J-06","J-06","IH1918","V-03","U-02","U-02","U-02","U-02","U-02"
"166","F-09","U-03","F-09","D-08","IH2322","O-20","HG2524","O-23","G-08","M-27","J-07","J-07","IH2019","W-02","U-03","U-03","U-03","U-03","U-03"
"167","G-24","R-01","G-24","D-09","IH2423","O-23","HG2625","O-24","G-09","M-28","J-08","J-08","IH2120","W-03","R-01","R-01","R-01","R-01","R-01"
"168","G-22","Y-03","G-22","D-10","IH2524","P-01","I-01","O-25","G-10","M-29","J-09","J-09","IH2221","X-02","Y-03","Y-03","Y-03","Y-03","Y-03"
"169","K-22","BB-19","K-22","E-01","IH2625","P-18","I-18","O-26","G-11","M-30","J-10","J-10","IH2322","X-03","BB-19","BB-19","BB-19","BB-19","BB-19"
"170","F-07","T-21","F-07","E-02","IH2726","P-19","I-19","O-27","G-12","M-31","J-11","J-11","IH2423","Y-02","T-21","T-21","T-21","T-21","T-21"
"171","IH2726","S-01","IH2726","E-03","J-18","P-20","I-20","O-28","G-13","M-32","J-12","J-12","IH2524","Y-03","S-01","S-01","S-01","S-01","S-01"
"172","H-12","R-19","H-12","E-04","J-19","P-21","I-21","ON2524","G-14","ML2423","J-13","J-13","IH2625","Y-04","R-19","R-19","R-19","R-19","R-19"
"173","F-03","ZZ-24","F-03","E-05","J-20","PO2423","I-22","ON2625","G-15","ML2524","J-14","J-14","IH2726","ZZ-02","ZZ-24","ZZ-24","ZZ-24","ZZ-24","ZZ-24"
"174","J-06","X-24","J-06","E-06","J-21","Q-01","I-23","ON2726","H-04","ML2625","J-15","J-15","J-01","ZZ-03","X-24","X-24","X-24","X-24","X-24"
"175","F-05","V-23","F-05","E-07","J-22","Q-02","I-24","ON2827","H-05","ML2726","J-16","J-16","J-02","ZZ-04","V-23","V-23","V-23","V-23","V-23"
"176","F-19","V-19","F-19","E-08","J-23","Q-18","I-25","ON2928","H-06","ML2827","J-18","J-18","J-03","ZZ-05","V-19","V-19","V-19","V-19","V-19"
"177","HG2019","DD-18","HG2019","E-09","J-24","Q-19","I-26","P-22","H-07","ML2928","J-19","J-19","J-04","AA-02","DD-18","DD-18","DD-18","DD-18","DD-18"
"178","F-25","CC-06","F-25","E-10","J-25","Q-20","IH1918","P-23","H-08","ML3029","J-20","J-20","J-05","AA-03","CC-06","CC-06","CC-06","CC-06","CC-06"
"179","E-05","BB-22","E-05","E-11","J-26","Q-21","IH2019","P-24","H-09","ML3130","J-21","J-21","J-06","AA-04","BB-22","BB-22","BB-22","BB-22","BB-22"
"180","J-22","T-01","J-22","E-12","JI1918","Q-23","IH2120","P-25","H-10","ML3231","J-22","J-22","J-07","AA-05","T-01","T-01","T-01","T-01","T-01"
"181","D-04","S-19","D-04","F-01","JI2019","QP2423","IH2221","P-26","H-11","N-01","J-23","J-23","J-08","AA-06","S-19","S-19","S-19","S-19","S-19"
"182","G-12","W-24","G-12","F-02","JI2120","R-22","IH2322","P-27","H-12","N-02","J-24","J-24","J-09","AA-07","W-24","W-24","W-24","W-24","W-24"
"183","G-14","W-18","G-14","F-03","JI2221","V-26","IH2423","P-28","H-13","N-03","J-25","J-25","J-10","AA-08","W-18","W-18","W-18","W-18","W-18"
"184","IH2524","NBS-20","IH2524","F-04","JI2322","L-01","IH2524","PO2423","H-14","N-18","J-26","J-26","J-11","AA-10","NBS-20","NBS-20","NBS-20","NBS-20","NBS-20"
"185","F-11","NBS-28","F-11","F-05","JI2423","L-02","IH2625","PO2524","H-15","N-19","JI1918","JI1918","J-12","BB-02","NBS-28","NBS-28","NBS-28","NBS-28","NBS-28"
"186","I-06","NBS-3","I-06","F-06","JI2524","L-03","IH2726","PO2625","H-16","N-20","JI2019","JI2019","J-13","BB-03","NBS-3","NBS-3","NBS-3","NBS-3","NBS-3"
"187","K-25","NBS-13","K-25","F-07","JI2625","L-04","J-01","PO2726","I-04","N-21","JI2120","JI2120","J-14","BB-04","NBS-13","NBS-13","NBS-13","NBS-13","NBS-13"
"188","E-09","NBS-11","E-09","F-08","K-18","L-05","J-18","PO2827","I-05","N-22","JI2221","JI2221","J-15","BB-05","NBS-11","NBS-11","NBS-11","NBS-11","NBS-11"
"189","G-23","NBS-41","G-23","F-09","K-19","L-06","J-19","PO2928","I-06","N-23","K-01","K-01","J-16","BB-06","NBS-41","NBS-41","NBS-41","NBS-41","NBS-41"
"190","H-21","NBS-42","H-21","F-10","K-20","L-07","J-20","Q-22","I-07","N-24","K-02","K-02","J-18","BB-07","NBS-42","NBS-42","NBS-42","NBS-42","NBS-42"
"191","J-02","NBS-16","J-02","F-11","K-21","L-08","J-21","Q-23","I-08","N-25","K-03","K-03","J-19","BB-08","NBS-16","NBS-16","NBS-16","NBS-16","NBS-16"
"192","K-21","NBS-40","K-21","F-12","K-22","L-09","J-22","Q-25","I-09","N-26","K-04","K-04","J-20","BB-09","NBS-40","NBS-40","NBS-40","NBS-40","NBS-40"
"193","E-22","NBS-35","E-22","F-13","K-23","L-18","J-23","Q-26","I-10","N-27","K-05","K-05","J-21","BB-10","NBS-35","NBS-35","NBS-35","NBS-35","NBS-35"
"194","G-26","NBS-18","G-26","F-14","K-24","L-19","J-24","Q-27","I-11","N-28","K-06","K-06","J-22","CC-02","NBS-18","NBS-18","NBS-18","NBS-18","NBS-18"
"195","I-04","NBS-8","I-04","G-01","K-25","L-20","J-25","Q-28","I-12","N-29","K-07","K-07","J-23","CC-03","NBS-8","NBS-8","NBS-8","NBS-8","NBS-8"
"196","K-06","NBS-14","K-06","G-02","K-26","L-22","J-26","QP2423","I-13","N-30","K-08","K-08","J-24","CC-04","NBS-14","NBS-14","NBS-14","NBS-14","NBS-14"
"197","H-19","NBS-19","H-19","G-03","K-27","M-01","JI1918","QP2524","I-14","N-31","K-09","K-09","J-25","CC-05","NBS-19","NBS-19","NBS-19","NBS-19","NBS-19"
"198","H-25","NBS-26","H-25","G-04","KJ2322","M-02","JI2019","QP2625","I-15","NM2524","K-10","K-10","J-26","CC-06","NBS-26","NBS-26","NBS-26","NBS-26","NBS-26"
"199","C-03","NBS-27","C-03","G-05","KJ2423","M-03","JI2120","QP2726","I-16","NM2625","K-11","K-11","JI1918","CC-07","NBS-27","NBS-27","NBS-27","NBS-27","NBS-27"
"200","I-12","NBS-29","I-12","G-06","KJ2524","M-04","JI2221","QP2827","J-04","NM2726","K-12","K-12","JI2019","CC-08","NBS-29","NBS-29","NBS-29","NBS-29","NBS-29"
"201","K-24","NBS-21","K-24","G-07","KJ2625","M-05","JI2322","QP2928","J-05","NM2827","K-13","K-13","JI2120","CC-09","NBS-21","NBS-21","NBS-21","NBS-21","NBS-21"
"202","K-12","NBS-22","K-12","G-08","KJ2726","M-06","JI2423","R-22","J-06","NM2928","K-14","K-14","JI2221","CC-10","NBS-22","NBS-22","NBS-22","NBS-22","NBS-22"
"203","J-16","NBS-1","J-16","G-09","LK2625","M-07","JI2524","R-23","J-07","NM3029","K-18","K-18","JI2322","DD-02","NBS-1","NBS-1","NBS-1","NBS-1","NBS-1"
"204","IH2019","NBS-2","IH2019","G-10","LK2726","M-08","JI2625","R-24","J-08","NM3130","K-19","K-19","JI2423","DD-03","NBS-2","NBS-2","NBS-2","NBS-2","NBS-2"
"205","F-02","NBS-5","F-02","G-11","C-18","M-18","K-01","R-25","J-09","NM3231","K-20","K-20","JI2524","DD-09","NBS-5","NBS-5","NBS-5","NBS-5","NBS-5"
"206","H-04","NBS-6","H-04","G-12","D-18","M-19","K-18","R-26","J-10","O-01","K-21","K-21","JI2625","EE-02","NBS-6","NBS-6","NBS-6","NBS-6","NBS-6"
"207","F-23","NBS-7","F-23","G-13","E-18","M-20","K-19","R-27","J-11","O-02","K-22","K-22","K-01","FF-02","NBS-7","NBS-7","NBS-7","NBS-7","NBS-7"
"208","I-26","NBS-12","I-26","G-14","E-19","M-22","K-20","R-28","J-12","O-03","K-23","K-23","K-02","V-02","NBS-12","NBS-12","NBS-12","NBS-12","NBS-12"
"209","GF2423","NBS-17","GF2423","G-15","E-20","N-01","K-21","RQ2827","J-13","O-18","K-24","K-24","K-03","V-03","NBS-17","NBS-17","NBS-17","NBS-17","NBS-17"
"210","E-06","NBS-10","E-06","H-01","E-21","N-02","K-22","S-22","J-14","O-19","K-25","K-25","K-04","W-02","NBS-10","NBS-10","NBS-10","NBS-10","NBS-10"
"211","J-19","NBS-4","J-19","H-02","E-22","N-03","K-23","S-23","J-15","O-20","K-26","K-26","K-05","W-03","NBS-4","NBS-4","NBS-4","NBS-4","NBS-4"
"212","E-01","NBS-15","E-01","H-03","F-18","N-04","K-24","S-24","J-16","O-21","K-27","K-27","K-06","X-02","NBS-15","NBS-15","NBS-15","NBS-15","NBS-15"
"213","GF2120","NBS-23","GF2120","H-04","F-19","N-05","K-25","S-25","K-04","O-22","L-01","L-01","K-07","X-03","NBS-23","NBS-23","NBS-23","NBS-23","NBS-23"
"214","F-20","NBS-31","F-20","H-05","F-20","N-06","K-26","S-26","K-05","O-23","L-02","L-02","K-08","Y-02","NBS-31","NBS-31","NBS-31","NBS-31","NBS-31"
"215","H-14","NBS-49","H-14","H-06","F-21","N-07","K-27","S-27","K-06","O-24","L-03","L-03","K-09","Y-03","NBS-49","NBS-49","NBS-49","NBS-49","NBS-49"
"216","I-23","NBS-48","I-23","H-07","F-22","N-18","KJ2322","S-28","K-07","O-25","L-04","L-04","K-10","Y-04","NBS-48","NBS-48","NBS-48","NBS-48","NBS-48"
"217","GF1918","NBS-43","GF1918","H-08","F-23","N-19","KJ2423","M-24","K-08","O-26","L-05","L-05","K-11","ZZ-02","NBS-43","NBS-43","NBS-43","NBS-43","NBS-43"
"218","JI2322","NBS-32","JI2322","H-09","F-24","N-20","KJ2524","M-25","K-09","O-27","L-06","L-06","K-12","ZZ-03","NBS-32","NBS-32","NBS-32","NBS-32","NBS-32"
"219","FE2221","NBS-33","FE2221","H-10","F-25","N-21","KJ2625","M-26","K-10","O-28","L-07","L-07","K-13","ZZ-04","NBS-33","NBS-33","NBS-33","NBS-33","NBS-33"
"220","HG2322","NBS-24","HG2322","H-11","FE2120","N-22","KJ2726","M-27","K-11","O-29","L-08","L-08","K-14","ZZ-05","NBS-24","NBS-24","NBS-24","NBS-24","NBS-24"
"221","KJ2524","NBS-9","KJ2524","H-12","FE2221","O-01","LK2625","M-28","K-12","O-30","L-09","L-09","K-18","AA-02","NBS-9","NBS-9","NBS-9","NBS-9","NBS-9"
"222","IH2625","NBS-25","IH2625","H-13","G-18","O-02","LK2726","ML2726","K-13","O-31","L-18","L-18","K-19","AA-03","NBS-25","NBS-25","NBS-25","NBS-25","NBS-25"
"223","FE2120","NBS-34","FE2120","H-14","G-19","O-03","C-01","ML2827","K-14","ON2524","L-19","L-19","K-20","AA-04","NBS-34","NBS-34","NBS-34","NBS-34","NBS-34"
"224","JI2524","NBS-44","JI2524","H-15","G-20","O-04","C-18","ML2928","L-04","ON2625","L-20","L-20","K-21","AA-05","NBS-44","NBS-44","NBS-44","NBS-44","NBS-44"
"225","JI2423","NBS-45","JI2423","H-16","G-21","O-18","D-01","N-22","L-05","ON2726","L-21","L-21","K-22","AA-06","NBS-45","NBS-45","NBS-45","NBS-45","NBS-45"
"226","HG2423","NBS-36","HG2423","I-01","G-22","O-19","D-18","N-23","L-06","ON2827","L-22","L-22","K-23","AA-07","NBS-36","NBS-36","NBS-36","NBS-36","NBS-36"
"227","HG2625","NBS-46","HG2625","I-02","G-23","O-20","E-01","N-24","L-07","ON2928","L-23","L-23","K-24","AA-08","NBS-46","NBS-46","NBS-46","NBS-46","NBS-46"
"228","LK2726","NBS-47","LK2726","I-03","G-24","O-23","E-18","N-25","L-08","ON3029","L-24","L-24","K-25","AA-10","NBS-47","NBS-47","NBS-47","NBS-47","NBS-47"
"229","KJ2726","NBS-37","KJ2726","I-04","G-25","P-01","E-19","N-26","L-09","ON3130","L-25","L-25","K-26","BB-02","NBS-37","NBS-37","NBS-37","NBS-37","NBS-37"
"230","KJ2625","NBS-38","KJ2625","I-05","G-26","P-18","E-20","N-27","M-04","P-01","L-26","L-26","K-27","BB-03","NBS-38","NBS-38","NBS-38","NBS-38","NBS-38"
"231","HG2524","NBS-39","HG2524","I-06","GF1918","P-19","E-21","N-28","M-05","P-18","L-27","L-27","KJ2322","BB-04","NBS-39","NBS-39","NBS-39","NBS-39","NBS-39"
"232","M-01","NBS-30","M-01","I-07","GF2019","P-20","E-22","NM2524","M-06","P-19","L-28","L-28","KJ2423","BB-05","NBS-30","NBS-30","NBS-30","NBS-30","NBS-30"
"233","M-18","FF-18","M-18","I-08","GF2120","P-21","F-01","NM2625","M-07","P-20","L-29","L-29","KJ2524","BB-06","FF-18","FF-18","FF-18","FF-18","FF-18"
"234","L-18","FF-01","L-18","I-09","GF2221","PO2423","F-18","NM2726","M-08","P-21","L-30","L-30","KJ2625","BB-07","FF-01","FF-01","FF-01","FF-01","FF-01"
"235","L-01","FF-02","L-01","I-10","GF2322","Q-01","F-19","NM2827","N-04","P-22","L-31","L-31","KJ2726","BB-08","FF-02","FF-02","FF-02","FF-02","FF-02"
"236","M-20","EE-19","M-20","I-11","GF2423","Q-02","F-20","NM2928","N-05","P-23","M-01","M-01","L-01","BB-09","EE-19","EE-19","EE-19","EE-19","EE-19"
"237","M-19","EE-18","M-19","I-12","GF2524","Q-18","F-21","O-22","N-06","P-24","M-02","M-02","L-02","BB-10","EE-18","EE-18","EE-18","EE-18","EE-18"
"238","M-27","EE-02","M-27","I-13","H-18","Q-19","F-22","O-23","N-07","P-25","M-03","M-03","L-03","CC-02","EE-02","EE-02","EE-02","EE-02","EE-02"
"239","R-24","DD-20","R-24","I-14","H-19","Q-20","F-23","O-24","O-04","P-26","M-04","M-04","L-04","CC-03","DD-20","DD-20","DD-20","DD-20","DD-20"
"240","L-19","DD-19","L-19","I-15","H-20","Q-21","F-24","O-25","Z-05","P-27","M-05","M-05","L-05","CC-04","DD-19","DD-19","DD-19","DD-19","DD-19"
"241","O-18","DD-01","O-18","I-16","H-21","Q-23","F-25","O-26","A-04","P-28","M-06","M-06","L-18","CC-05","DD-01","DD-01","DD-01","DD-01","DD-01"
"242","O-01","DD-02","O-01","J-01","H-22","QP2423","FE2120","O-27","A-05","P-29","M-07","M-07","L-19","CC-06","DD-02","DD-02","DD-02","DD-02","DD-02"
"243","N-18","DD-03","N-18","J-02","H-23","R-22","FE2221","O-28","A-06","P-30","M-08","M-08","L-20","CC-07","DD-03","DD-03","DD-03","DD-03","DD-03"
"244","Q-20","DD-09","Q-20","J-03","H-24","V-26","G-01","ON2524","B-04","P-31","M-18","M-18","L-21","CC-08","DD-09","DD-09","DD-09","DD-09","DD-09"
"245","N-20","CC-07","N-20","J-04","H-25","L-01","G-18","ON2625","B-05","P-32","M-19","M-19","L-22","CC-09","CC-07","CC-07","CC-07","CC-07","CC-07"
"246","N-19","CC-08","N-19","J-05","H-26","L-02","G-19","ON2726","B-06","PO2423","M-20","M-20","L-23","CC-10","CC-08","CC-08","CC-08","CC-08","CC-08"
"247","Q-25","CC-09","Q-25","J-06","HG1918","L-03","G-20","ON2827","B-07","PO2524","M-21","M-21","L-24","DD-02","CC-09","CC-09","CC-09","CC-09","CC-09"
"248","Q-01","CC-10","Q-01","J-07","HG2019","L-04","G-21","ON2928","B-08","PO2625","M-22","M-22","L-27","DD-03","CC-10","CC-10","CC-10","CC-10","CC-10"
"249","S-23","BB-21","S-23","J-08","HG2120","L-05","G-22","P-22","C-04","PO2726","M-23","M-23","LK2625","DD-09","BB-21","BB-21","BB-21","BB-21","BB-21"
"250","M-05","BB-20","M-05","J-09","HG2221","L-06","G-23","P-23","C-05","PO2827","M-24","M-24","LK2726","EE-02","BB-20","BB-20","BB-20","BB-20","BB-20"
"251","L-03","AA-10","L-03","J-10","HG2322","L-07","G-24","P-24","C-06","PO2928","M-25","M-25","M-01","FF-02","AA-10","AA-10","AA-10","AA-10","AA-10"
"252","O-20","ZZ-23","O-20","J-11","HG2423","L-08","G-25","P-25","C-07","PO3029","M-26","M-26","M-02","V-02","ZZ-23","ZZ-23","ZZ-23","ZZ-23","ZZ-23"
"253","N-01","ZZ-22","N-01","J-12","HG2524","L-09","G-26","P-26","C-08","PO3130","M-27","M-27","M-03","V-03","ZZ-22","ZZ-22","ZZ-22","ZZ-22","ZZ-22"
"254","N-22","ZZ-21","N-22","J-13","HG2625","L-18","GF1918","P-27","C-09","PO3231","M-28","M-28","M-05","W-02","ZZ-21","ZZ-21","ZZ-21","ZZ-21","ZZ-21"
"255","P-24","ZZ-01","P-24","J-14","I-18","L-19","GF2019","P-28","D-04","Q-01","M-29","M-29","M-07","W-03","ZZ-01","ZZ-01","ZZ-01","ZZ-01","ZZ-01"
"256","P-18","ZZ-03","P-18","J-15","I-19","L-20","GF2120","PO2423","D-05","Q-02","M-30","M-30","M-18","X-02","ZZ-03","ZZ-03","ZZ-03","ZZ-03","ZZ-03"
"257","S-22","ZZ-04","S-22","J-16","I-20","L-22","GF2221","PO2524","D-06","Q-18","M-31","M-31","M-19","X-03","ZZ-04","ZZ-04","ZZ-04","ZZ-04","ZZ-04"
"258","Q-23","ZZ-05","Q-23","K-01","I-21","M-01","GF2322","PO2625","D-07","Q-19","M-32","M-32","M-20","Y-02","ZZ-05","ZZ-05","ZZ-05","ZZ-05","ZZ-05"
"259","P-19","Y-24","P-19","K-02","I-22","M-02","GF2423","PO2726","D-08","Q-20","N-01","N-01","M-21","Y-03","Y-24","Y-24","Y-24","Y-24","Y-24"
"260","Q-19","Y-23","Q-19","K-03","I-23","M-03","GF2524","PO2827","D-09","Q-21","N-02","N-02","M-22","Y-04","Y-23","Y-23","Y-23","Y-23","Y-23"
"261","O-02","Y-22","O-02","K-04","I-24","M-04","H-01","PO2928","D-10","Q-22","N-03","N-03","M-27","ZZ-02","Y-22","Y-22","Y-22","Y-22","Y-22"
"262","M-07","Y-20","M-07","K-05","I-25","M-05","H-18","Q-22","E-04","Q-23","N-04","N-04","N-01","ZZ-03","Y-20","Y-20","Y-20","Y-20","Y-20"
"263","P-23","Y-18","P-23","K-06","I-26","M-06","H-19","Q-23","E-05","Q-25","N-05","N-05","N-02","ZZ-04","Y-18","Y-18","Y-18","Y-18","Y-18"
"264","P-20","Y-01","P-20","K-07","IH1918","M-07","H-20","Q-25","E-06","Q-26","N-06","N-06","N-03","ZZ-05","Y-01","Y-01","Y-01","Y-01","Y-01"
"265","M-21","Y-02","M-21","K-08","IH2019","M-08","H-21","Q-26","E-07","Q-27","N-07","N-07","N-18","AA-02","Y-02","Y-02","Y-02","Y-02","Y-02"
"266","O-19","Y-04","O-19","K-09","IH2120","M-18","H-22","Q-27","E-08","Q-28","N-18","N-18","N-19","AA-03","Y-04","Y-04","Y-04","Y-04","Y-04"
"267","QP2524","X-26","QP2524","K-10","IH2221","M-19","H-23","Q-28","E-09","Q-29","N-19","N-19","N-20","AA-04","X-26","X-26","X-26","X-26","X-26"
"268","Q-18","X-25","Q-18","K-11","IH2322","M-20","H-24","QP2423","E-10","Q-30","N-20","N-20","N-21","AA-05","X-25","X-25","X-25","X-25","X-25"
"269","P-21","X-23","P-21","K-12","IH2423","M-22","H-25","QP2524","E-11","Q-31","N-21","N-21","N-22","AA-06","X-23","X-23","X-23","X-23","X-23"
"270","L-20","X-22","L-20","K-13","IH2524","N-01","H-26","QP2625","E-12","QP2423","N-22","N-22","N-23","AA-07","X-22","X-22","X-22","X-22","X-22"
"271","PO2423","X-21","PO2423","K-14","IH2625","N-02","HG1918","QP2726","F-04","QP2524","N-23","N-23","N-24","AA-08","X-21","X-21","X-21","X-21","X-21"
"272","R-23","X-19","R-23","Z-05","IH2726","N-03","HG2019","QP2827","F-05","QP2625","N-24","N-24","N-27","AA-10","X-19","X-19","X-19","X-19","X-19"
"273","P-01","X-18","P-01","A-02","J-18","N-04","HG2120","QP2928","F-06","QP2726","N-25","N-25","O-01","BB-02","X-18","X-18","X-18","X-18","X-18"
"274","L-02","X-01","L-02","A-03","J-19","N-05","HG2221","R-22","F-07","QP2827","N-26","N-26","O-02","BB-03","X-01","X-01","X-01","X-01","X-01"
"275","M-02","X-03","M-02","A-04","J-20","N-06","HG2322","R-23","F-08","QP2928","N-27","N-27","O-18","BB-04","X-03","X-03","X-03","X-03","X-03"
"276","Q-21","W-27","Q-21","A-05","J-21","N-07","HG2423","R-24","F-09","QP3029","N-28","N-28","O-19","BB-05","W-27","W-27","W-27","W-27","W-27"
"277","L-05","W-26","L-05","A-06","J-22","N-18","HG2524","R-25","F-10","QP3130","N-29","N-29","O-20","BB-06","W-26","W-26","W-26","W-26","W-26"
"278","N-24","W-25","N-24","B-01","J-23","N-19","HG2625","R-26","F-11","QP3231","N-30","N-30","O-21","BB-07","W-25","W-25","W-25","W-25","W-25"
"279","O-23","BB-18","O-23","B-02","J-24","N-20","I-01","R-27","F-12","R-22","N-31","N-31","O-22","BB-08","BB-18","BB-18","BB-18","BB-18","BB-18"
"280","M-22","BB-01","M-22","B-03","J-25","N-21","I-18","R-28","F-13","R-23","O-01","O-01","O-23","BB-09","BB-01","BB-01","BB-01","BB-01","BB-01"
"281","Q-22","BB-02","Q-22","B-04","J-26","N-22","I-19","RQ2827","F-14","R-24","O-02","O-02","O-24","BB-10","BB-02","BB-02","BB-02","BB-02","BB-02"
"282","O-22","BB-04","O-22","B-05","JI1918","O-01","I-20","S-22","G-04","R-25","O-03","O-03","P-01","CC-02","BB-04","BB-04","BB-04","BB-04","BB-04"
"283","S-24","BB-05","S-24","B-06","JI2019","O-02","I-21","S-23","G-05","R-26","O-04","O-04","P-18","CC-03","BB-05","BB-05","BB-05","BB-05","BB-05"
"284","P-22","BB-06","P-22","B-07","JI2120","O-03","I-22","S-24","G-06","R-27","O-18","O-18","P-19","CC-04","BB-06","BB-06","BB-06","BB-06","BB-06"
"285","L-27","BB-07","L-27","B-08","JI2221","O-04","I-23","S-25","G-07","R-28","O-19","O-19","P-20","CC-05","BB-07","BB-07","BB-07","BB-07","BB-07"
"286","P-25","BB-09","P-25","C-01","JI2322","O-18","I-24","S-26","G-08","R-29","O-20","O-20","P-21","CC-06","BB-09","BB-09","BB-09","BB-09","BB-09"
"287","N-23","BB-10","N-23","C-02","JI2423","O-19","I-25","S-27","G-09","R-30","O-21","O-21","P-22","CC-07","BB-10","BB-10","BB-10","BB-10","BB-10"
"288","N-02","AA-23","N-02","C-03","JI2524","O-20","I-26","S-28","G-10","R-31","O-22","O-22","P-23","CC-08","AA-23","AA-23","AA-23","AA-23","AA-23"
"289","R-22","AA-19","R-22","C-04","JI2625","O-23","IH1918","M-24","G-11","R-32","O-23","O-23","P-24","CC-09","AA-19","AA-19","AA-19","AA-19","AA-19"
"290","QP2423","AA-18","QP2423","C-05","K-18","P-01","IH2019","M-25","G-12","RQ2827","O-24","O-24","P-25","CC-10","AA-18","AA-18","AA-18","AA-18","AA-18"
"291","N-03","AA-01","N-03","C-06","K-19","P-18","IH2120","M-26","G-13","RQ2928","O-25","O-25","P-26","DD-02","AA-01","AA-01","AA-01","AA-01","AA-01"
"292","N-21","AA-03","N-21","C-07","K-20","P-19","IH2221","M-27","G-14","RQ3029","O-26","O-26","P-28","DD-03","AA-03","AA-03","AA-03","AA-03","AA-03"
"293","O-21","AA-04","O-21","C-08","K-21","P-20","IH2322","M-28","G-15","RQ3130","O-27","O-27","PO2423","DD-09","AA-04","AA-04","AA-04","AA-04","AA-04"
"294","GF2524","AA-05","GF2524","C-09","K-22","P-21","IH2423","ML2726","H-04","RQ3231","O-28","O-28","PO2524","EE-02","AA-05","AA-05","AA-05","AA-05","AA-05"
"295","IH2322","AA-06","IH2322","D-01","K-23","PO2423","IH2524","ML2827","H-05","S-22","O-29","O-29","PO2726","FF-02","AA-06","AA-06","AA-06","AA-06","AA-06"
"296","KJ2423","AA-08","KJ2423","D-02","K-24","Q-01","IH2625","ML2928","H-06","S-23","O-30","O-30","Q-01","V-02","AA-08","AA-08","AA-08","AA-08","AA-08"
"297","KJ2322","CC-21","KJ2322","D-03","K-25","Q-02","IH2726","N-22","H-07","S-24","O-31","O-31","Q-18","V-03","CC-21","CC-21","CC-21","CC-21","CC-21"
"298","L-04","CC-20","L-04","D-04","K-26","Q-18","J-01","N-23","H-08","S-25","ON2524","ON2524","Q-19","W-02","CC-20","CC-20","CC-20","CC-20","CC-20"
"299","PO2524","CC-19","PO2524","D-05","K-27","Q-19","J-18","N-24","H-09","S-26","ON2625","ON2625","Q-20","W-03","CC-19","CC-19","CC-19","CC-19","CC-19"
"300","P-28","CC-01","P-28","D-06","KJ2322","Q-20","J-19","N-25","H-10","S-27","P-01","P-01","Q-21","X-02","CC-01","CC-01","CC-01","CC-01","CC-01"
"301","V-25","CC-02","V-25","D-07","KJ2423","Q-21","J-20","N-26","H-11","S-28","P-18","P-18","Q-22","X-03","CC-02","CC-02","CC-02","CC-02","CC-02"
"302","L-21","CC-03","L-21","D-08","KJ2524","Q-23","J-21","N-27","H-12","S-29","P-19","P-19","Q-23","Y-02","CC-03","CC-03","CC-03","CC-03","CC-03"
"303","N-27","CC-05","N-27","D-09","KJ2625","QP2423","J-22","N-28","H-13","S-30","P-20","P-20","Q-25","Y-03","CC-05","CC-05","CC-05","CC-05","CC-05"
"304","L-23","T-24","L-23","D-10","KJ2726","R-22","J-23","NM2524","H-14","S-31","P-21","P-21","QP2423","Y-04","T-24","T-24","T-24","T-24","T-24"
"305","M-03","T-23","M-03","E-01","LK2625","V-26","J-24","NM2625","H-15","SR3029","P-22","P-22","QP2524","ZZ-02","T-23","T-23","T-23","T-23","T-23"
"306","JI2625","T-22","JI2625","E-02","LK2726","L-01","J-25","NM2726","H-16","SR3130","P-23","P-23","R-22","ZZ-03","T-22","T-22","T-22","T-22","T-22"
"307","LK2625","T-20","LK2625","E-03","C-18","L-02","J-26","NM2827","I-04","SR3231","P-24","P-24","R-23","ZZ-04","T-20","T-20","T-20","T-20","T-20"
"308","IH2423","T-19","IH2423","E-04","D-18","L-03","JI1918","NM2928","I-05","T-25","P-25","P-25","R-24","ZZ-05","T-19","T-19","T-19","T-19","T-19"
"309","L-24","T-18","L-24","E-05","E-18","L-04","JI2019","O-22","I-06","T-26","P-26","P-26","S-22","AA-02","T-18","T-18","T-18","T-18","T-18"
"310","L-22","T-02","L-22","E-06","E-19","L-05","JI2120","O-23","I-07","T-27","P-27","P-27","S-23","AA-03","T-02","T-02","T-02","T-02","T-02"
"311","PO2726","T-03","PO2726","E-07","E-20","L-06","JI2221","O-24","I-08","T-28","P-28","P-28","S-24","AA-04","T-03","T-03","T-03","T-03","T-03"
"312","P-26","S-20","P-26","E-08","E-21","L-07","JI2322","O-25","I-09","T-29","P-29","P-29","U-26","AA-05","S-20","S-20","S-20","S-20","S-20"
"313","V-28","S-18","V-28","E-09","E-22","L-08","JI2423","O-26","I-10","T-30","P-30","P-30","V-25","AA-06","S-18","S-18","S-18","S-18","S-18"
"314","O-24","S-02","O-24","E-10","F-18","L-09","JI2524","O-27","I-11","TS3029","P-31","P-31","V-28","AA-07","S-02","S-02","S-02","S-02","S-02"
"315","U-26","S-03","U-26","E-11","F-19","L-18","JI2625","O-28","I-12","TS3130","P-32","P-32","Z-05","AA-08","S-03","S-03","S-03","S-03","S-03"
"316","N-29","W-23","N-29","E-12","F-20","L-19","K-01","ON2524","I-13","U-25","PO2423","PO2423","A-02","AA-10","W-23","W-23","W-23","W-23","W-23"
"317","O-31","W-21","O-31","F-01","F-21","L-20","K-18","ON2625","I-14","U-26","PO2524","PO2524","A-03","BB-02","W-21","W-21","W-21","W-21","W-21"
"318","P-29","W-20","P-29","F-02","F-22","L-22","K-19","ON2726","I-15","U-27","PO2625","PO2625","A-04","BB-03","W-20","W-20","W-20","W-20","W-20"
"319","M-06","W-19","M-06","F-03","F-23","M-01","K-20","ON2827","I-16","U-28","PO2726","PO2726","A-05","BB-04","W-19","W-19","W-19","W-19","W-19"
"320","N-26","W-02","N-26","F-04","F-24","M-02","K-21","ON2928","J-04","U-29","Q-01","Q-01","A-06","BB-05","W-02","W-02","W-02","W-02","W-02"
"321","M-28","W-03","M-28","F-05","F-25","M-03","K-22","P-22","J-05","UT3029","Q-02","Q-02","B-01","BB-06","W-03","W-03","W-03","W-03","W-03"
"322","M-31","V-24","M-31","F-06","FE2120","M-04","K-23","P-23","J-06","V-25","Q-18","Q-18","B-02","BB-07","V-24","V-24","V-24","V-24","V-24"
"323","M-26","V-21","M-26","F-07","FE2221","M-05","K-24","P-24","J-07","V-26","Q-19","Q-19","B-03","BB-08","V-21","V-21","V-21","V-21","V-21"
"324","P-30","V-20","P-30","F-08","G-18","M-06","K-25","P-25","J-08","V-27","Q-20","Q-20","B-04","BB-09","V-20","V-20","V-20","V-20","V-20"
"325","T-25","V-18","T-25","F-09","G-19","M-07","K-26","P-26","J-09","V-28","Q-21","Q-21","B-05","BB-10","V-18","V-18","V-18","V-18","V-18"
"326","Q-29","V-02","Q-29","F-10","G-20","M-08","K-27","P-27","J-10","A-02","Q-22","Q-22","B-06","CC-02","V-02","V-02","V-02","V-02","V-02"
"327","QP2726","U-24","QP2726","F-11","G-21","M-18","KJ2322","P-28","J-11","A-03","Q-23","Q-23","B-07","CC-03","U-24","U-24","U-24","U-24","U-24"
"328","Q-31","U-23","Q-31","F-12","G-22","M-19","KJ2423","PO2423","J-12","B-01","Q-25","Q-25","B-08","CC-04","U-23","U-23","U-23","U-23","U-23"
"329","PO2625","U-22","PO2625","F-13","G-23","M-20","KJ2524","PO2524","J-13","B-02","Q-26","Q-26","C-01","CC-05","U-22","U-22","U-22","U-22","U-22"
"330","N-07","U-19","N-07","F-14","G-24","M-22","KJ2625","PO2625","J-14","B-03","Q-27","Q-27","C-02","CC-06","U-19","U-19","U-19","U-19","U-19"
"331","O-30","U-18","O-30","G-01","G-25","N-01","KJ2726","PO2726","J-15","C-01","Q-28","Q-28","C-03","CC-07","U-18","U-18","U-18","U-18","U-18"
"332","M-29","U-01","M-29","G-02","G-26","N-02","LK2625","PO2827","J-16","C-02","Q-29","Q-29","C-04","CC-08","U-01","U-01","U-01","U-01","U-01"
"333","M-08","R-21","M-08","G-03","GF1918","N-03","LK2726","PO2928","K-04","C-03","Q-30","Q-30","C-05","CC-09","R-21","R-21","R-21","R-21","R-21"
"334","L-28","R-20","L-28","G-04","GF2019","N-04","C-01","Q-22","K-05","C-18","Q-31","Q-31","C-06","CC-10","R-20","R-20","R-20","R-20","R-20"
"335","U-28","R-18","U-28","G-05","GF2120","N-05","C-18","Q-23","K-06","D-01","QP2423","QP2423","C-07","DD-02","R-18","R-18","R-18","R-18","R-18"
"336","ON2625","R-02","ON2625","G-06","GF2221","N-06","D-01","Q-25","K-07","D-02","QP2524","QP2524","C-08","DD-03","R-02","R-02","R-02","R-02","R-02"
"337","M-23","R-03","M-23","G-07","GF2322","N-07","D-18","Q-26","K-08","D-03","QP2625","QP2625","C-09","DD-09","R-03","R-03","R-03","R-03","R-03"
"338","Q-26","EE-01","Q-26","G-08","GF2423","N-18","E-01","Q-27","K-09","D-18","QP2726","QP2726","C-18","EE-02","EE-01","EE-01","EE-01","EE-01","EE-01"
"339","L-26","ZZ-02","L-26","G-09","GF2524","N-19","E-18","Q-28","K-10","E-01","R-22","R-22","D-01","FF-02","ZZ-02","ZZ-02","ZZ-02","ZZ-02","ZZ-02"
"340","L-09","Y-25","L-09","G-10","H-18","N-20","E-19","QP2423","K-11","E-02","R-23","R-23","D-02","V-02","Y-25","Y-25","Y-25","Y-25","Y-25"
"341","L-08","Y-21","L-08","G-11","H-19","N-21","E-20","QP2524","K-12","E-03","R-24","R-24","D-03","V-03","Y-21","Y-21","Y-21","Y-21","Y-21"
"342","N-25","X-20","N-25","G-12","H-20","N-22","E-21","QP2625","K-13","E-18","R-25","R-25","D-04","W-02","X-20","X-20","X-20","X-20","X-20"
"343","O-04","X-02","O-04","G-13","H-21","O-01","E-22","QP2726","K-14","E-19","R-26","R-26","D-05","W-03","X-02","X-02","X-02","X-02","X-02"
"344","O-28","BB-03","O-28","G-14","H-22","O-02","F-01","QP2827","L-04","E-20","R-27","R-27","D-06","X-02","BB-03","BB-03","BB-03","BB-03","BB-03"
"345","O-26","BB-08","O-26","G-15","H-23","O-03","F-18","QP2928","L-05","E-21","R-28","R-28","D-07","X-03","BB-08","BB-08","BB-08","BB-08","BB-08"
"346","M-32","AA-22","M-32","H-01","H-24","O-04","F-19","R-22","L-06","E-22","R-29","R-29","D-08","Y-02","AA-22","AA-22","AA-22","AA-22","AA-22"
"347","N-30","AA-02","N-30","H-02","H-25","O-18","F-20","R-23","L-07","F-01","R-30","R-30","D-09","Y-03","AA-02","AA-02","AA-02","AA-02","AA-02"
"348","ON2524","AA-07","ON2524","H-03","H-26","O-19","F-21","R-24","L-08","F-02","R-31","R-31","D-10","Y-04","AA-07","AA-07","AA-07","AA-07","AA-07"
"349","S-31","CC-18","S-31","H-04","HG1918","O-20","F-22","R-25","L-09","F-03","R-32","R-32","D-18","ZZ-02","CC-18","CC-18","CC-18","CC-18","CC-18"
"350","T-29","CC-04","T-29","H-05","HG2019","O-23","F-23","R-26","M-04","F-18","S-22","S-22","E-01","ZZ-03","CC-04","CC-04","CC-04","CC-04","CC-04"
"351","V-27","S-21","V-27","H-06","HG2120","P-01","F-24","R-27","M-05","F-19","S-23","S-23","E-02","ZZ-04","S-21","S-21","S-21","S-21","S-21"
"352","S-25","W-22","S-25","H-07","HG2221","P-18","F-25","R-28","M-06","F-20","S-24","S-24","E-03","ZZ-05","W-22","W-22","W-22","W-22","W-22"
"353","S-30","W-01","S-30","H-08","HG2322","P-19","FE2120","RQ2827","M-07","F-21","S-25","S-25","E-04","AA-02","W-01","W-01","W-01","W-01","W-01"
"354","T-27","V-22","T-27","H-09","HG2423","P-20","FE2221","S-22","M-08","F-22","S-26","S-26","E-05","AA-03","V-22","V-22","V-22","V-22","V-22"
"355","M-25","V-01","M-25","H-10","HG2524","P-21","G-01","S-23","N-04","F-23","S-27","S-27","E-06","AA-04","V-01","V-01","V-01","V-01","V-01"
"356","N-06","V-03","N-06","H-11","HG2625","PO2423","G-18","S-24","N-05","F-24","S-28","S-28","E-07","AA-05","V-03","V-03","V-03","V-03","V-03"
"357","P-31","U-21","P-31","H-12","I-18","Q-01","G-19","S-25","N-06","F-25","S-29","S-29","E-08","AA-06","U-21","U-21","U-21","U-21","U-21"
"358","S-29","U-20","S-29","H-13","I-19","Q-02","G-20","S-26","N-07","FE2120","S-30","S-30","E-09","AA-07","U-20","U-20","U-20","U-20","U-20"
"359","Q-28","U-02","Q-28","H-14","I-20","Q-18","G-21","S-27","O-04","FE2221","S-31","S-31","E-10","AA-08","U-02","U-02","U-02","U-02","U-02"
"360","L-07","U-03","L-07","H-15","I-21","Q-19","G-22","S-28","Z-05","G-01","T-25","T-25","E-11","AA-10","U-03","U-03","U-03","U-03","U-03"
"361","S-28","R-01","S-28","H-16","I-22","Q-20","G-23","M-24","A-04","G-02","T-26","T-26","E-12","BB-02","R-01","R-01","R-01","R-01","R-01"
"362","L-06","Y-03","L-06","I-01","I-23","Q-21","G-24","M-25","A-05","G-03","T-27","T-27","E-18","BB-03","Y-03","Y-03","Y-03","Y-03","Y-03"
"363","M-04","BB-19","M-04","I-02","I-24","Q-23","G-25","M-26","A-06","G-18","T-28","T-28","E-19","BB-04","BB-19","BB-19","BB-19","BB-19","BB-19"
"364","R-32","T-21","R-32","I-03","I-25","QP2423","G-26","M-27","B-04","G-19","T-29","T-29","E-20","BB-05","T-21","T-21","T-21","T-21","T-21"
"365","P-32","S-01","P-32","I-04","I-26","R-22","GF1918","M-28","B-05","G-20","T-30","T-30","E-21","BB-06","S-01","S-01","S-01","S-01","S-01"
"366","N-28","R-19","N-28","I-05","IH1918","V-26","GF2019","ML2726","B-06","G-21","U-25","U-25","E-22","BB-07","R-19","R-19","R-19","R-19","R-19"
"367","Q-30","ZZ-24","Q-30","I-06","IH2019","L-01","GF2120","ML2827","B-07","G-22","U-26","U-26","F-01","BB-08","ZZ-24","ZZ-24","ZZ-24","ZZ-24","ZZ-24"
"368","R-26","X-24","R-26","I-07","IH2120","L-02","GF2221","ML2928","B-08","G-23","U-27","U-27","F-02","BB-09","X-24","X-24","X-24","X-24","X-24"
"369","R-29","V-23","R-29","I-08","IH2221","L-03","GF2322","N-22","C-04","G-24","U-28","U-28","F-03","BB-10","V-23","V-23","V-23","V-23","V-23"
"370","O-29","V-19","O-29","I-09","IH2322","L-04","GF2423","N-23","C-05","G-25","U-29","U-29","F-04","CC-02","V-19","V-19","V-19","V-19","V-19"
"371","U-29","DD-18","U-29","I-10","IH2423","L-05","GF2524","N-24","C-06","G-26","V-25","V-25","F-05","CC-03","DD-18","DD-18","DD-18","DD-18","DD-18"
"372","N-04","CC-06","N-04","I-11","IH2524","L-06","H-01","N-25","C-07","GF1918","V-26","V-26","F-06","CC-04","CC-06","CC-06","CC-06","CC-06","CC-06"
"373","QP2625","BB-22","QP2625","I-12","IH2625","L-07","H-18","N-26","C-08","GF2019","V-27","V-27","F-07","CC-05","BB-22","BB-22","BB-22","BB-22","BB-22"
"374","Q-27","T-01","Q-27","I-13","IH2726","L-08","H-19","N-27","C-09","GF2120","V-28","V-28","F-08","CC-06","T-01","T-01","T-01","T-01","T-01"
"375","M-30","S-19","M-30","I-14","J-18","L-09","H-20","N-28","D-04","GF2221","Z-05","Z-05","F-09","CC-07","S-19","S-19","S-19","S-19","S-19"
"376","P-27","W-24","P-27","I-15","J-19","L-18","H-21","NM2524","D-05","GF2322","A-02","A-02","F-10","CC-08","W-24","W-24","W-24","W-24","W-24"
"377","L-25","W-18","L-25","I-16","J-20","L-19","H-22","NM2625","D-06","GF2423","A-03","A-03","F-11","CC-09","W-18","W-18","W-18","W-18","W-18"
"378","M-24","NBS-20","M-24","J-01","J-21","L-20","H-23","NM2726","D-07","GF2524","A-04","A-04","F-12","CC-10","NBS-20","NBS-20","NBS-20","NBS-20","NBS-20"
"379","O-27","NBS-28","O-27","J-02","J-22","L-22","H-24","NM2827","D-08","H-01","A-05","A-05","F-13","DD-02","NBS-28","NBS-28","NBS-28","NBS-28","NBS-28"
"380","O-03","NBS-3","O-03","J-03","J-23","M-01","H-25","NM2928","D-09","H-02","A-06","A-06","F-14","DD-03","NBS-3","NBS-3","NBS-3","NBS-3","NBS-3"
"381","N-05","NBS-13","N-05","J-04","J-24","M-02","H-26","O-22","D-10","H-03","B-01","B-01","F-18","DD-09","NBS-13","NBS-13","NBS-13","NBS-13","NBS-13"
"382","L-31","NBS-11","L-31","J-05","J-25","M-03","HG1918","O-23","E-04","H-18","B-02","B-02","F-19","EE-02","NBS-11","NBS-11","NBS-11","NBS-11","NBS-11"
"383","T-30","NBS-41","T-30","J-06","J-26","M-04","HG2019","O-24","E-05","H-19","B-03","B-03","F-20","FF-02","NBS-41","NBS-41","NBS-41","NBS-41","NBS-41"
"384","O-25","NBS-42","O-25","J-07","JI1918","M-05","HG2120","O-25","E-06","H-20","B-04","B-04","F-21","V-02","NBS-42","NBS-42","NBS-42","NBS-42","NBS-42"
"385","N-31","NBS-16","N-31","J-08","JI2019","M-06","HG2221","O-26","E-07","H-21","B-05","B-05","F-22","V-03","NBS-16","NBS-16","NBS-16","NBS-16","NBS-16"
"386","S-26","NBS-40","S-26","J-09","JI2120","M-07","HG2322","O-27","E-08","H-22","B-06","B-06","F-23","W-02","NBS-40","NBS-40","NBS-40","NBS-40","NBS-40"
"387","R-27","NBS-35","R-27","J-10","JI2221","M-08","HG2423","O-28","E-09","H-23","B-07","B-07","F-24","W-03","NBS-35","NBS-35","NBS-35","NBS-35","NBS-35"
"388","L-29","NBS-18","L-29","J-11","JI2322","M-18","HG2524","ON2524","E-10","H-24","B-08","B-08","F-25","X-02","NBS-18","NBS-18","NBS-18","NBS-18","NBS-18"
"389","R-25","NBS-8","R-25","J-12","JI2423","M-19","HG2625","ON2625","E-11","H-25","C-01","C-01","FE2120","X-03","NBS-8","NBS-8","NBS-8","NBS-8","NBS-8"
"390","R-30","NBS-14","R-30","J-13","JI2524","M-20","I-01","ON2726","E-12","H-26","C-02","C-02","FE2221","Y-02","NBS-14","NBS-14","NBS-14","NBS-14","NBS-14"
"391","Q-02","NBS-19","Q-02","J-14","JI2625","M-22","I-18","ON2827","F-04","HG1918","C-03","C-03","G-01","Y-03","NBS-19","NBS-19","NBS-19","NBS-19","NBS-19"
"392","T-26","NBS-26","T-26","J-15","K-18","N-01","I-19","ON2928","F-05","HG2019","C-04","C-04","G-02","Y-04","NBS-26","NBS-26","NBS-26","NBS-26","NBS-26"
"393","R-31","NBS-27","R-31","J-16","K-19","N-02","I-20","P-22","F-06","HG2120","C-05","C-05","G-03","ZZ-02","NBS-27","NBS-27","NBS-27","NBS-27","NBS-27"
"394","V-26","NBS-29","V-26","K-01","K-20","N-03","I-21","P-23","F-07","HG2221","C-06","C-06","G-04","ZZ-03","NBS-29","NBS-29","NBS-29","NBS-29","NBS-29"
"395","S-27","NBS-21","S-27","K-02","K-21","N-04","I-22","P-24","F-08","HG2322","C-07","C-07","G-05","ZZ-04","NBS-21","NBS-21","NBS-21","NBS-21","NBS-21"
"396","T-28","NBS-22","T-28","K-03","K-22","N-05","I-23","P-25","F-09","HG2423","C-08","C-08","G-06","ZZ-05","NBS-22","NBS-22","NBS-22","NBS-22","NBS-22"
"397","L-30","NBS-1","L-30","K-04","K-23","N-06","I-24","P-26","F-10","HG2524","C-09","C-09","G-07","AA-02","NBS-1","NBS-1","NBS-1","NBS-1","NBS-1"
"398","R-28","NBS-2","R-28","K-05","K-24","N-07","I-25","P-27","F-11","HG2625","C-18","C-18","G-08","AA-03","NBS-2","NBS-2","NBS-2","NBS-2","NBS-2"
"399","U-27","NBS-5","U-27","K-06","K-25","N-18","I-26","P-28","F-12","I-01","D-01","D-01","G-09","AA-04","NBS-5","NBS-5","NBS-5","NBS-5","NBS-5"
"400","U-25","NBS-6","U-25","K-07","K-26","N-19","IH1918","PO2423","F-13","I-02","D-02","D-02","G-10","AA-05","NBS-6","NBS-6","NBS-6","NBS-6","NBS-6"
"401","RQ2827","NBS-7","RQ2827","K-08","K-27","N-20","IH2019","PO2524","F-14","I-03","D-03","D-03","G-11","AA-06","NBS-7","NBS-7","NBS-7","NBS-7","NBS-7"
"402","PO2928","NBS-12","PO2928","K-09","KJ2322","N-21","IH2120","PO2625","G-04","I-18","D-04","D-04","G-12","AA-07","NBS-12","NBS-12","NBS-12","NBS-12","NBS-12"
"403","QP3130","NBS-17","QP3130","K-10","KJ2423","N-22","IH2221","PO2726","G-05","I-19","D-05","D-05","G-13","AA-08","NBS-17","NBS-17","NBS-17","NBS-17","NBS-17"
"404","RQ3029","NBS-10","RQ3029","K-11","KJ2524","O-01","IH2322","PO2827","G-06","I-20","D-06","D-06","G-14","AA-10","NBS-10","NBS-10","NBS-10","NBS-10","NBS-10"
"405","QP2827","NBS-4","QP2827","K-12","KJ2625","O-02","IH2423","PO2928","G-07","I-21","D-07","D-07","G-15","BB-02","NBS-4","NBS-4","NBS-4","NBS-4","NBS-4"
"406","TS3130","NBS-15","TS3130","K-13","KJ2726","O-03","IH2524","Q-22","G-08","I-22","D-08","D-08","G-18","BB-03","NBS-15","NBS-15","NBS-15","NBS-15","NBS-15"
"407","SR3029","NBS-23","SR3029","K-14","LK2625","O-04","IH2625","Q-23","G-09","I-23","D-09","D-09","G-19","BB-04","NBS-23","NBS-23","NBS-23","NBS-23","NBS-23"
"408","ON3029","NBS-31","ON3029","Z-05","LK2726","O-18","IH2726","Q-25","G-10","I-24","D-10","D-10","G-20","BB-05","NBS-31","NBS-31","NBS-31","NBS-31","NBS-31"
"409","LK2423","NBS-49","LK2423","A-02","C-18","O-19","J-01","Q-26","G-11","I-25","D-18","D-18","G-21","BB-06","NBS-49","NBS-49","NBS-49","NBS-49","NBS-49"
"410","ML2827","NBS-48","ML2827","A-03","D-18","O-20","J-18","Q-27","G-12","I-26","E-01","E-01","G-22","BB-07","NBS-48","NBS-48","NBS-48","NBS-48","NBS-48"
"411","NM3029","NBS-43","NM3029","A-04","E-18","O-23","J-19","Q-28","G-13","IH1918","E-02","E-02","G-23","BB-08","NBS-43","NBS-43","NBS-43","NBS-43","NBS-43"
"412","QP3231","NBS-32","QP3231","A-05","E-19","P-01","J-20","QP2423","G-14","IH2019","E-03","E-03","G-24","BB-09","NBS-32","NBS-32","NBS-32","NBS-32","NBS-32"
"413","NM2726","NBS-33","NM2726","A-06","E-20","P-18","J-21","QP2524","G-15","IH2120","E-04","E-04","G-25","BB-10","NBS-33","NBS-33","NBS-33","NBS-33","NBS-33"
"414","NM2625","NBS-24","NM2625","B-01","E-21","P-19","J-22","QP2625","H-04","IH2221","E-05","E-05","G-26","CC-02","NBS-24","NBS-24","NBS-24","NBS-24","NBS-24"
"415","SR3231","NBS-9","SR3231","B-02","E-22","P-20","J-23","QP2726","H-05","IH2322","E-06","E-06","GF1918","CC-03","NBS-9","NBS-9","NBS-9","NBS-9","NBS-9"
"416","ML3231","NBS-25","ML3231","B-03","F-18","P-21","J-24","QP2827","H-06","IH2423","E-07","E-07","GF2019","CC-04","NBS-25","NBS-25","NBS-25","NBS-25","NBS-25"
"417","TS3029","NBS-34","TS3029","B-04","F-19","PO2423","J-25","QP2928","H-07","IH2524","E-08","E-08","GF2120","CC-05","NBS-34","NBS-34","NBS-34","NBS-34","NBS-34"
"418","NM3130","NBS-44","NM3130","B-05","F-20","Q-01","J-26","R-22","H-08","IH2625","E-09","E-09","GF2221","CC-06","NBS-44","NBS-44","NBS-44","NBS-44","NBS-44"
"419","SR3130","NBS-45","SR3130","B-06","F-21","Q-02","JI1918","R-23","H-09","IH2726","E-10","E-10","GF2322","CC-07","NBS-45","NBS-45","NBS-45","NBS-45","NBS-45"
"420","ON2827","NBS-36","ON2827","B-07","F-22","Q-18","JI2019","R-24","H-10","J-01","E-11","E-11","GF2423","CC-08","NBS-36","NBS-36","NBS-36","NBS-36","NBS-36"
"421","ML2524","NBS-46","ML2524","B-08","F-23","Q-19","JI2120","R-25","H-11","J-02","E-12","E-12","GF2524","CC-09","NBS-46","NBS-46","NBS-46","NBS-46","NBS-46"
"422","ML2423","NBS-47","ML2423","C-01","F-24","Q-20","JI2221","R-26","H-12","J-03","E-18","E-18","H-01","CC-10","NBS-47","NBS-47","NBS-47","NBS-47","NBS-47"
"423","NM2928","NBS-37","NM2928","C-02","F-25","Q-21","JI2322","R-27","H-13","J-18","E-19","E-19","H-02","DD-02","NBS-37","NBS-37","NBS-37","NBS-37","NBS-37"
"424","RQ3231","NBS-38","RQ3231","C-03","FE2120","Q-23","JI2423","R-28","H-14","J-19","E-20","E-20","H-03","DD-03","NBS-38","NBS-38","NBS-38","NBS-38","NBS-38"
"425","RQ3130","NBS-39","RQ3130","C-04","FE2221","QP2423","JI2524","RQ2827","H-15","J-20","E-21","E-21","H-04","DD-09","NBS-39","NBS-39","NBS-39","NBS-39","NBS-39"
"426","ON3130","NBS-30","ON3130","C-05","G-18","R-22","JI2625","S-22","H-16","J-21","E-22","E-22","H-05","EE-02","NBS-30","NBS-30","NBS-30","NBS-30","NBS-30"
"427","RQ2928","FF-18","RQ2928","C-06","G-19","V-26","K-01","S-23","I-04","J-22","F-01","F-01","H-06","FF-02","FF-18","FF-18","FF-18","FF-18","FF-18"
"428","ON2726","FF-01","ON2726","C-07","G-20","L-01","K-18","S-24","I-05","J-23","F-02","F-02","H-07","V-02","FF-01","FF-01","FF-01","FF-01","FF-01"
"429","PO3130","FF-02","PO3130","C-08","G-21","L-02","K-19","S-25","I-06","J-24","F-03","F-03","H-08","V-03","FF-02","FF-02","FF-02","FF-02","FF-02"
"430","NM2827","EE-19","NM2827","C-09","G-22","L-03","K-20","S-26","I-07","J-25","F-04","F-04","H-09","W-02","EE-19","EE-19","EE-19","EE-19","EE-19"
"431","LK2524","EE-18","LK2524","D-01","G-23","L-04","K-21","S-27","I-08","J-26","F-05","F-05","H-10","W-03","EE-18","EE-18","EE-18","EE-18","EE-18"
"432","QP2928","EE-02","QP2928","D-02","G-24","L-05","K-22","S-28","I-09","JI1918","F-06","F-06","H-11","X-02","EE-02","EE-02","EE-02","EE-02","EE-02"
"433","NM2524","DD-20","NM2524","D-03","G-25","L-06","K-23","M-24","I-10","JI2019","F-07","F-07","H-12","X-03","DD-20","DD-20","DD-20","DD-20","DD-20"
"434","ML2928","DD-19","ML2928","D-04","G-26","L-07","K-24","M-25","I-11","JI2120","F-08","F-08","H-13","Y-02","DD-19","DD-19","DD-19","DD-19","DD-19"
"435","ML2726","DD-01","ML2726","D-05","GF1918","L-08","K-25","M-26","I-12","JI2221","F-09","F-09","H-14","Y-03","DD-01","DD-01","DD-01","DD-01","DD-01"
"436","ML3130","DD-02","ML3130","D-06","GF2019","L-09","K-26","M-27","I-13","JI2322","F-10","F-10","H-15","Y-04","DD-02","DD-02","DD-02","DD-02","DD-02"
"437","UT3029","DD-03","UT3029","D-07","GF2120","L-18","K-27","M-28","I-14","JI2423","F-11","F-11","H-16","ZZ-02","DD-03","DD-03","DD-03","DD-03","DD-03"
"438","PO3029","DD-09","PO3029","D-08","GF2221","L-19","KJ2322","ML2726","I-15","JI2524","F-12","F-12","H-18","ZZ-03","DD-09","DD-09","DD-09","DD-09","DD-09"
"439","NM3231","CC-07","NM3231","D-09","GF2322","L-20","KJ2423","ML2827","I-16","JI2625","F-13","F-13","H-19","ZZ-04","CC-07","CC-07","CC-07","CC-07","CC-07"
"440","QP3029","CC-08","QP3029","D-10","GF2423","L-22","KJ2524","ML2928","J-04","K-01","F-14","F-14","H-20","ZZ-05","CC-08","CC-08","CC-08","CC-08","CC-08"
"441","PO2827","CC-09","PO2827","E-01","GF2524","M-01","KJ2625","N-22","J-05","K-02","F-18","F-18","H-21","AA-02","CC-09","CC-09","CC-09","CC-09","CC-09"
"442","PO3231","CC-10","PO3231","E-02","H-18","M-02","KJ2726","N-23","J-06","K-03","F-19","F-19","H-22","AA-03","CC-10","CC-10","CC-10","CC-10","CC-10"
"443","ML2625","BB-21","ML2625","E-03","H-19","M-03","LK2625","N-24","J-07","K-18","F-20","F-20","H-23","AA-04","BB-21","BB-21","BB-21","BB-21","BB-21"
"444","ML3029","BB-20","ML3029","E-04","H-20","M-04","LK2726","N-25","J-08","K-19","F-21","F-21","H-24","AA-05","BB-20","BB-20","BB-20","BB-20","BB-20"
"445","ON2928","AA-10","ON2928","E-05","H-21","M-05","C-01","N-26","J-09","K-20","F-22","F-22","H-25","AA-06","AA-10","AA-10","AA-10","AA-10","AA-10"
"446","H-13","ZZ-23","NBS-8","E-06","H-22","M-06","C-18","N-27","J-10","K-21","F-23","F-23","H-26","AA-07","ZZ-23","ZZ-23","ZZ-23","ZZ-23","ZZ-23"
"447","I-20","ZZ-22","NBS-14","E-07","H-23","M-07","D-01","N-28","J-11","K-22","F-24","F-24","HG1918","AA-08","ZZ-22","ZZ-22","ZZ-22","ZZ-22","ZZ-22"
"448","A-03","ZZ-21","NBS-19","E-08","H-24","M-08","D-18","NM2524","J-12","K-23","F-25","F-25","HG2019","AA-10","ZZ-21","ZZ-21","ZZ-21","ZZ-21","ZZ-21"
"449","E-07","ZZ-01","NBS-26","E-09","H-25","M-18","E-01","NM2625","J-13","K-24","G-01","G-01","HG2120","BB-02","ZZ-01","ZZ-01","ZZ-01","ZZ-01","ZZ-01"
"450","G-09","ZZ-03","NBS-27","E-10","H-26","M-19","E-18","NM2726","J-14","K-25","G-02","G-02","HG2221","BB-03","ZZ-03","ZZ-03","ZZ-03","ZZ-03","ZZ-03"
"451","F-12","ZZ-04","NBS-29","E-11","HG1918","M-20","E-19","NM2827","J-15","K-26","G-03","G-03","HG2322","BB-04","ZZ-04","ZZ-04","ZZ-04","ZZ-04","ZZ-04"
"452","D-01","ZZ-05","NBS-21","E-12","HG2019","M-22","E-20","NM2928","J-16","K-27","G-04","G-04","HG2423","BB-05","ZZ-05","ZZ-05","ZZ-05","ZZ-05","ZZ-05"
"453","I-13","Y-24","NBS-22","F-01","HG2120","N-01","E-21","O-22","K-04","KJ2322","G-05","G-05","HG2524","BB-06","Y-24","Y-24","Y-24","Y-24","Y-24"
"454","G-06","Y-23","NBS-1","F-02","HG2221","N-02","E-22","O-23","K-05","KJ2423","G-06","G-06","HG2625","BB-07","Y-23","Y-23","Y-23","Y-23","Y-23"
"455","I-09","Y-22","NBS-2","F-03","HG2322","N-03","F-01","O-24","K-06","KJ2524","G-07","G-07","I-01","BB-08","Y-22","Y-22","Y-22","Y-22","Y-22"
"456","K-18","Y-20","NBS-5","F-04","HG2423","N-04","F-18","O-25","K-07","KJ2625","G-08","G-08","I-02","BB-09","Y-20","Y-20","Y-20","Y-20","Y-20"
"457","IH2120","Y-18","NBS-6","F-05","HG2524","N-05","F-19","O-26","K-08","KJ2726","G-09","G-09","I-03","BB-10","Y-18","Y-18","Y-18","Y-18","Y-18"
"458","K-26","Y-01","NBS-7","F-06","HG2625","N-06","F-20","O-27","K-09","L-01","G-10","G-10","I-04","CC-02","Y-01","Y-01","Y-01","Y-01","Y-01"
"459","J-11","Y-02","NBS-12","F-07","I-18","N-07","F-21","O-28","K-10","L-02","G-11","G-11","I-05","CC-03","Y-02","Y-02","Y-02","Y-02","Y-02"
"460","H-05","Y-04","NBS-17","F-08","I-19","N-18","F-22","ON2524","K-11","L-03","G-12","G-12","I-06","CC-04","Y-04","Y-04","Y-04","Y-04","Y-04"
"461","D-02","X-26","NBS-10","F-09","I-20","N-19","F-23","ON2625","K-12","L-18","G-13","G-13","I-07","CC-05","X-26","X-26","X-26","X-26","X-26"
"462","H-15","X-25","NBS-4","F-10","I-21","N-20","F-24","ON2726","K-13","L-19","G-14","G-14","I-08","CC-06","X-25","X-25","X-25","X-25","X-25"
"463","G-05","X-23","NBS-15","F-11","I-22","N-21","F-25","ON2827","K-14","L-20","G-15","G-15","I-09","CC-07","X-23","X-23","X-23","X-23","X-23"
"464","J-03","X-22","NBS-23","F-12","I-23","N-22","FE2120","ON2928","L-04","L-21","G-18","G-18","I-10","CC-08","X-22","X-22","X-22","X-22","X-22"
"465","G-25","X-21","NBS-31","F-13","I-24","O-01","FE2221","P-22","L-05","L-22","G-19","G-19","I-11","CC-09","X-21","X-21","X-21","X-21","X-21"
"466","G-13","X-19","NBS-49","F-14","I-25","O-02","G-01","P-23","L-06","L-23","G-20","G-20","I-12","CC-10","X-19","X-19","X-19","X-19","X-19"
"467","A-05","X-18","NBS-48","G-01","I-26","O-03","G-18","P-24","L-07","L-24","G-21","G-21","I-13","DD-02","X-18","X-18","X-18","X-18","X-18"
"468","G-20","X-01","NBS-43","G-02","IH1918","O-04","G-19","P-25","L-08","L-25","G-22","G-22","I-14","DD-03","X-01","X-01","X-01","X-01","X-01"
"469","H-06","X-03","NBS-32","G-03","IH2019","O-18","G-20","P-26","L-09","L-26","G-23","G-23","I-15","DD-09","X-03","X-03","X-03","X-03","X-03"
"470","I-18","W-27","NBS-33","G-04","IH2120","O-19","G-21","P-27","M-04","L-27","G-24","G-24","I-16","EE-02","W-27","W-27","W-27","W-27","W-27"
"471","K-14","W-26","NBS-24","G-05","IH2221","O-20","G-22","P-28","M-05","L-28","G-25","G-25","I-18","FF-02","W-26","W-26","W-26","W-26","W-26"
"472","E-03","W-25","NBS-9","G-06","IH2322","O-23","G-23","PO2423","M-06","L-29","G-26","G-26","I-19","V-02","W-25","W-25","W-25","W-25","W-25"
"473","J-08","BB-18","NBS-25","G-07","IH2423","P-01","G-24","PO2524","M-07","L-30","GF1918","GF1918","I-20","V-03","BB-18","BB-18","BB-18","BB-18","BB-18"
"474","K-04","BB-01","NBS-34","G-08","IH2524","P-18","G-25","PO2625","M-08","L-31","GF2019","GF2019","I-21","W-02","BB-01","BB-01","BB-01","BB-01","BB-01"
"475","C-04","BB-02","NBS-44","G-09","IH2625","P-19","G-26","PO2726","N-04","LK2423","GF2120","GF2120","I-22","W-03","BB-02","BB-02","BB-02","BB-02","BB-02"
"476","F-01","BB-04","NBS-45","G-10","IH2726","P-20","GF1918","PO2827","N-05","LK2524","GF2221","GF2221","I-23","X-02","BB-04","BB-04","BB-04","BB-04","BB-04"
"477","J-14","BB-05","NBS-36","G-11","J-18","P-21","GF2019","PO2928","N-06","LK2625","H-01","H-01","I-24","X-03","BB-05","BB-05","BB-05","BB-05","BB-05"
"478","HG2221","BB-06","NBS-46","G-12","J-19","PO2423","GF2120","Q-22","N-07","LK2726","H-02","H-02","I-25","Y-02","BB-06","BB-06","BB-06","BB-06","BB-06"
"479","K-27","BB-07","NBS-47","G-13","J-20","Q-01","GF2221","Q-23","O-04","M-01","H-03","H-03","I-26","Y-03","BB-07","BB-07","BB-07","BB-07","BB-07"
"480","E-08","BB-09","NBS-37","G-14","J-21","Q-02","GF2322","Q-25","Z-05","M-02","H-04","H-04","IH1918","Y-04","BB-09","BB-09","BB-09","BB-09","BB-09"
"481","I-05","BB-10","NBS-38","G-15","J-22","Q-18","GF2423","Q-26","A-04","M-03","H-05","H-05","IH2019","ZZ-02","BB-10","BB-10","BB-10","BB-10","BB-10"
"482","C-07","AA-23","NBS-39","H-01","J-23","Q-19","GF2524","Q-27","A-05","M-18","H-06","H-06","IH2120","ZZ-03","AA-23","AA-23","AA-23","AA-23","AA-23"
"483","E-19","AA-19","NBS-30","H-02","J-24","Q-20","H-01","Q-28","A-06","M-19","H-07","H-07","IH2221","ZZ-04","AA-19","AA-19","AA-19","AA-19","AA-19"
"484","H-26","AA-18","FF-18","H-03","J-25","Q-21","H-18","QP2423","B-04","M-20","H-08","H-08","IH2322","ZZ-05","AA-18","AA-18","AA-18","AA-18","AA-18"
"485","I-22","AA-01","FF-01","H-04","J-26","Q-23","H-19","QP2524","B-05","M-21","H-09","H-09","IH2423","AA-02","AA-01","AA-01","AA-01","AA-01","AA-01"
"486","H-09","AA-03","FF-02","H-05","JI1918","QP2423","H-20","QP2625","B-06","M-22","H-10","H-10","IH2524","AA-03","AA-03","AA-03","AA-03","AA-03","AA-03"
"487","G-15","AA-04","EE-19","H-06","JI2019","R-22","H-21","QP2726","B-07","M-23","H-11","H-11","IH2625","AA-04","AA-04","AA-04","AA-04","AA-04","AA-04"
"488","K-01","AA-05","EE-18","H-07","JI2120","V-26","H-22","QP2827","B-08","M-24","H-12","H-12","IH2726","AA-05","AA-05","AA-05","AA-05","AA-05","AA-05"
"489","B-06","AA-06","EE-02","H-08","JI2221","L-01","H-23","QP2928","C-04","M-25","H-13","H-13","J-01","AA-06","AA-06","AA-06","AA-06","AA-06","AA-06"
"490","JI2120","AA-08","DD-20","H-09","JI2322","L-02","H-24","R-22","C-05","M-26","H-14","H-14","J-02","AA-07","AA-08","AA-08","AA-08","AA-08","AA-08"
"491","J-23","CC-21","DD-19","H-10","JI2423","L-03","H-25","R-23","C-06","M-27","H-15","H-15","J-03","AA-08","CC-21","CC-21","CC-21","CC-21","CC-21"
"492","D-18","CC-20","DD-01","H-11","JI2524","L-04","H-26","R-24","C-07","M-28","H-16","H-16","J-04","AA-10","CC-20","CC-20","CC-20","CC-20","CC-20"
"493","H-03","CC-19","DD-02","H-12","JI2625","L-05","HG1918","R-25","C-08","M-29","H-18","H-18","J-05","BB-02","CC-19","CC-19","CC-19","CC-19","CC-19"
"494","D-03","CC-01","DD-03","H-13","K-18","L-06","HG2019","R-26","C-09","M-30","H-19","H-19","J-06","BB-03","CC-01","CC-01","CC-01","CC-01","CC-01"
"495","I-11","CC-02","DD-09","H-14","K-19","L-07","HG2120","R-27","D-04","M-31","H-20","H-20","J-07","BB-04","CC-02","CC-02","CC-02","CC-02","CC-02"
"496","H-18","CC-03","CC-07","H-15","K-20","L-08","HG2221","R-28","D-05","M-32","H-21","H-21","J-08","BB-05","CC-03","CC-03","CC-03","CC-03","CC-03"
"497","H-08","CC-05","CC-08","H-16","K-21","L-09","HG2322","RQ2827","D-06","ML2423","H-22","H-22","J-09","BB-06","CC-05","CC-05","CC-05","CC-05","CC-05"
"498","Z-05","T-24","CC-09","I-01","K-22","L-18","HG2423","S-22","D-07","ML2524","H-23","H-23","J-10","BB-07","T-24","T-24","T-24","T-24","T-24"
"499","K-23","T-23","CC-10","I-02","K-23","L-19","HG2524","S-23","D-08","ML2625","H-24","H-24","J-11","BB-08","T-23","T-23","T-23","T-23","T-23"
"500","K-11","T-22","BB-21","I-03","K-24","L-20","HG2625","S-24","D-09","ML2726","H-25","H-25","J-12","BB-09","T-22","T-22","T-22","T-22","T-22"
"501","K-07","T-20","BB-20","I-04","K-25","L-22","I-01","S-25","D-10","ML2827","H-26","H-26","J-13","BB-10","T-20","T-20","T-20","T-20","T-20"
"502","J-01","T-19","AA-10","I-05","K-26","M-01","I-18","S-26","E-04","ML2928","HG1918","HG1918","J-14","CC-02","T-19","T-19","T-19","T-19","T-19"
"503","F-13","T-18","ZZ-23","I-06","K-27","M-02","I-19","S-27","E-05","ML3029","HG2019","HG2019","J-15","CC-03","T-18","T-18","T-18","T-18","T-18"
"504","J-12","T-02","ZZ-22","I-07","KJ2322","M-03","I-20","S-28","E-06","ML3130","HG2120","HG2120","J-16","CC-04","T-02","T-02","T-02","T-02","T-02"
"505","J-18","T-03","ZZ-21","I-08","KJ2423","M-04","I-21","M-24","E-07","ML3231","HG2221","HG2221","J-18","CC-05","T-03","T-03","T-03","T-03","T-03"
"506","G-21","S-20","ZZ-01","I-09","KJ2524","M-05","I-22","M-25","E-08","N-01","I-01","I-01","J-19","CC-06","S-20","S-20","S-20","S-20","S-20"
"507","H-11","S-18","ZZ-03","I-10","KJ2625","M-06","I-23","M-26","E-09","N-02","I-02","I-02","J-20","CC-07","S-18","S-18","S-18","S-18","S-18"
"508","C-06","S-02","ZZ-04","I-11","KJ2726","M-07","I-24","M-27","E-10","N-03","I-03","I-03","J-21","CC-08","S-02","S-02","S-02","S-02","S-02"
"509","G-19","S-03","ZZ-05","I-12","LK2625","M-08","I-25","M-28","E-11","N-18","I-04","I-04","J-22","CC-09","S-03","S-03","S-03","S-03","S-03"
"510","E-11","W-23","Y-24","I-13","LK2726","M-18","I-26","ML2726","E-12","N-19","I-05","I-05","J-23","CC-10","W-23","W-23","W-23","W-23","W-23"
"511","K-20","W-21","Y-23","I-14","C-18","M-19","IH1918","ML2827","F-04","N-20","I-06","I-06","J-24","DD-02","W-21","W-21","W-21","W-21","W-21"
"512","G-11","W-20","Y-22","I-15","D-18","M-20","IH2019","ML2928","F-05","N-21","I-07","I-07","J-25","DD-03","W-20","W-20","W-20","W-20","W-20"
"513","H-07","W-19","Y-20","I-16","E-18","M-22","IH2120","N-22","F-06","N-22","I-08","I-08","J-26","DD-09","W-19","W-19","W-19","W-19","W-19"
"514","K-10","W-02","Y-18","J-01","E-19","N-01","IH2221","N-23","F-07","N-23","I-09","I-09","JI1918","EE-02","W-02","W-02","W-02","W-02","W-02"
"515","F-22","W-03","Y-01","J-02","E-20","N-02","IH2322","N-24","F-08","N-24","I-10","I-10","JI2019","FF-02","W-03","W-03","W-03","W-03","W-03"
"516","B-01","V-24","Y-02","J-03","E-21","N-03","IH2423","N-25","F-09","N-25","I-11","I-11","JI2120","V-02","V-24","V-24","V-24","V-24","V-24"
"517","C-02","V-21","Y-04","J-04","E-22","N-04","IH2524","N-26","F-10","N-26","I-12","I-12","JI2221","V-03","V-21","V-21","V-21","V-21","V-21"
"518","E-18","V-20","X-26","J-05","F-18","N-05","IH2625","N-27","F-11","N-27","I-13","I-13","JI2322","W-02","V-20","V-20","V-20","V-20","V-20"
"519","J-07","V-18","X-25","J-06","F-19","N-06","IH2726","N-28","F-12","N-28","I-14","I-14","JI2423","W-03","V-18","V-18","V-18","V-18","V-18"
"520","K-02","V-02","X-23","J-07","F-20","N-07","J-01","NM2524","F-13","N-29","I-15","I-15","JI2524","X-02","V-02","V-02","V-02","V-02","V-02"
"521","K-05","U-24","X-22","J-08","F-21","N-18","J-18","NM2625","F-14","N-30","I-16","I-16","JI2625","X-03","U-24","U-24","U-24","U-24","U-24"
"522","G-02","U-23","X-21","J-09","F-22","N-19","J-19","NM2726","G-04","N-31","I-18","I-18","K-01","Y-02","U-23","U-23","U-23","U-23","U-23"
"523","H-22","U-22","X-19","J-10","F-23","N-20","J-20","NM2827","G-05","NM2524","I-19","I-19","K-02","Y-03","U-22","U-22","U-22","U-22","U-22"
"524","C-18","U-19","X-18","J-11","F-24","N-21","J-21","NM2928","G-06","NM2625","I-20","I-20","K-03","Y-04","U-19","U-19","U-19","U-19","U-19"
"525","I-10","U-18","X-01","J-12","F-25","N-22","J-22","O-22","G-07","NM2726","I-21","I-21","K-04","ZZ-02","U-18","U-18","U-18","U-18","U-18"
"526","GF2221","U-01","X-03","J-13","FE2120","O-01","J-23","O-23","G-08","NM2827","I-22","I-22","K-05","ZZ-03","U-01","U-01","U-01","U-01","U-01"
"527","B-04","R-21","W-27","J-14","FE2221","O-02","J-24","O-24","G-09","NM2928","I-23","I-23","K-06","ZZ-04","R-21","R-21","R-21","R-21","R-21"
"528","C-09","R-20","W-26","J-15","G-18","O-03","J-25","O-25","G-10","NM3029","I-24","I-24","K-07","ZZ-05","R-20","R-20","R-20","R-20","R-20"
"529","JI1918","R-18","W-25","J-16","G-19","O-04","J-26","O-26","G-11","NM3130","I-25","I-25","K-08","AA-02","R-18","R-18","R-18","R-18","R-18"
"530","A-04","R-02","BB-18","K-01","G-20","O-18","JI1918","O-27","G-12","NM3231","I-26","I-26","K-09","AA-03","R-02","R-02","R-02","R-02","R-02"
"531","J-05","R-03","BB-01","K-02","G-21","O-19","JI2019","O-28","G-13","O-01","IH1918","IH1918","K-10","AA-04","R-03","R-03","R-03","R-03","R-03"
"532","J-04","EE-01","BB-02","K-03","G-22","O-20","JI2120","ON2524","G-14","O-02","IH2019","IH2019","K-11","AA-05","EE-01","EE-01","EE-01","EE-01","EE-01"
"533","G-07","ZZ-02","BB-04","K-04","G-23","O-23","JI2221","ON2625","G-15","O-03","IH2120","IH2120","K-12","AA-06","ZZ-02","ZZ-02","ZZ-02","ZZ-02","ZZ-02"
"534","I-07","Y-25","BB-05","K-05","G-24","P-01","JI2322","ON2726","H-04","O-18","IH2221","IH2221","K-13","AA-07","Y-25","Y-25","Y-25","Y-25","Y-25"
"535","I-02","Y-21","BB-06","K-06","G-25","P-18","JI2423","ON2827","H-05","O-19","J-01","J-01","K-14","AA-08","Y-21","Y-21","Y-21","Y-21","Y-21"
"536","I-16","X-20","BB-07","K-07","G-26","P-19","JI2524","ON2928","H-06","O-20","J-02","J-02","K-18","AA-10","X-20","X-20","X-20","X-20","X-20"
"537","G-01","X-02","BB-09","K-08","GF1918","P-20","JI2625","P-22","H-07","O-21","J-03","J-03","K-19","BB-02","X-02","X-02","X-02","X-02","X-02"
"538","IH1918","BB-03","BB-10","K-09","GF2019","P-21","K-01","P-23","H-08","O-22","J-04","J-04","K-20","BB-03","BB-03","BB-03","BB-03","BB-03","BB-03"
"539","K-03","BB-08","AA-23","K-10","GF2120","PO2423","K-18","P-24","H-09","O-23","J-05","J-05","K-21","BB-04","BB-08","BB-08","BB-08","BB-08","BB-08"
"540","C-05","AA-22","AA-19","K-11","GF2221","Q-01","K-19","P-25","H-10","O-24","J-06","J-06","K-22","BB-05","AA-22","AA-22","AA-22","AA-22","AA-22"
"541","GF2019","AA-02","AA-18","K-12","GF2322","Q-02","K-20","P-26","H-11","O-25","J-07","J-07","K-23","BB-06","AA-02","AA-02","AA-02","AA-02","AA-02"
"542","J-24","AA-07","AA-01","K-13","GF2423","Q-18","K-21","P-27","H-12","O-26","J-08","J-08","K-24","BB-07","AA-07","AA-07","AA-07","AA-07","AA-07"
"543","E-02","CC-18","AA-03","K-14","GF2524","Q-19","K-22","P-28","H-13","O-27","J-09","J-09","K-25","BB-08","CC-18","CC-18","CC-18","CC-18","CC-18"
"544","E-21","CC-04","AA-04","Z-05","H-18","Q-20","K-23","PO2423","H-14","O-28","J-10","J-10","K-26","BB-09","CC-04","CC-04","CC-04","CC-04","CC-04"
"545","J-21","S-21","AA-05","A-02","H-19","Q-21","K-24","PO2524","H-15","O-29","J-11","J-11","K-27","BB-10","S-21","S-21","S-21","S-21","S-21"
"546","D-08","W-22","AA-06","A-03","H-20","Q-23","K-25","PO2625","H-16","O-30","J-12","J-12","KJ2322","CC-02","W-22","W-22","W-22","W-22","W-22"
"547","I-01","W-01","AA-08","A-04","H-21","QP2423","K-26","PO2726","I-04","O-31","J-13","J-13","KJ2423","CC-03","W-01","W-01","W-01","W-01","W-01"
"548","G-04","V-22","CC-21","A-05","H-22","R-22","K-27","PO2827","I-05","ON2524","J-14","J-14","KJ2524","CC-04","V-22","V-22","V-22","V-22","V-22"
"549","K-08","V-01","CC-20","A-06","H-23","V-26","KJ2322","PO2928","I-06","ON2625","J-15","J-15","KJ2625","CC-05","V-01","V-01","V-01","V-01","V-01"
"550","E-04","V-03","CC-19","B-01","H-24","L-01","KJ2423","Q-22","I-07","ON2726","J-16","J-16","KJ2726","CC-06","V-03","V-03","V-03","V-03","V-03"
"551","H-24","U-21","CC-01","B-02","H-25","L-02","KJ2524","Q-23","I-08","ON2827","J-18","J-18","L-01","CC-07","U-21","U-21","U-21","U-21","U-21"
"552","H-23","U-20","CC-02","B-03","H-26","L-03","KJ2625","Q-25","I-09","ON2928","J-19","J-19","L-02","CC-08","U-20","U-20","U-20","U-20","U-20"
"553","H-10","U-02","CC-03","B-04","HG1918","L-04","KJ2726","Q-26","I-10","ON3029","J-20","J-20","L-03","CC-09","U-02","U-02","U-02","U-02","U-02"
"554","I-14","U-03","CC-05","B-05","HG2019","L-05","LK2625","Q-27","I-11","ON3130","J-21","J-21","L-04","CC-10","U-03","U-03","U-03","U-03","U-03"
"555","GF2322","R-01","T-24","B-06","HG2120","L-06","LK2726","Q-28","I-12","P-01","J-22","J-22","L-05","DD-02","R-01","R-01","R-01","R-01","R-01"
"556","K-19","Y-03","T-23","B-07","HG2221","L-07","C-01","QP2423","I-13","P-18","J-23","J-23","L-18","DD-03","Y-03","Y-03","Y-03","Y-03","Y-03"
"557","D-10","BB-19","T-22","B-08","HG2322","L-08","C-18","QP2524","I-14","P-19","J-24","J-24","L-19","DD-09","BB-19","BB-19","BB-19","BB-19","BB-19"
"558","H-16","T-21","T-20","C-01","HG2423","L-09","D-01","QP2625","I-15","P-20","J-25","J-25","L-20","EE-02","T-21","T-21","T-21","T-21","T-21"
"559","D-06","S-01","T-19","C-02","HG2524","L-18","D-18","QP2726","I-16","P-21","J-26","J-26","L-21","FF-02","S-01","S-01","S-01","S-01","S-01"
"560","K-09","R-19","T-18","C-03","HG2625","L-19","E-01","QP2827","J-04","P-22","JI1918","JI1918","L-22","V-02","R-19","R-19","R-19","R-19","R-19"
"561","A-06","ZZ-24","T-02","C-04","I-18","L-20","E-18","QP2928","J-05","P-23","JI2019","JI2019","L-23","V-03","ZZ-24","ZZ-24","ZZ-24","ZZ-24","ZZ-24"
"562","I-08","X-24","T-03","C-05","I-19","L-22","E-19","R-22","J-06","P-24","JI2120","JI2120","L-24","W-02","X-24","X-24","X-24","X-24","X-24"
"563","F-21","V-23","S-20","C-06","I-20","M-01","E-20","R-23","J-07","P-25","JI2221","JI2221","L-27","W-03","V-23","V-23","V-23","V-23","V-23"
"564","H-01","V-19","S-18","C-07","I-21","M-02","E-21","R-24","J-08","P-26","K-01","K-01","LK2625","X-02","V-19","V-19","V-19","V-19","V-19"
"565","F-10","DD-18","S-02","C-08","I-22","M-03","E-22","R-25","J-09","P-27","K-02","K-02","LK2726","X-03","DD-18","DD-18","DD-18","DD-18","DD-18"
"566","E-10","CC-06","S-03","C-09","I-23","M-04","F-01","R-26","J-10","P-28","K-03","K-03","M-01","Y-02","CC-06","CC-06","CC-06","CC-06","CC-06"
"567","F-18","BB-22","W-23","D-01","I-24","M-05","F-18","R-27","J-11","P-29","K-04","K-04","M-02","Y-03","BB-22","BB-22","BB-22","BB-22","BB-22"
"568","B-05","T-01","W-21","D-02","I-25","M-06","F-19","R-28","J-12","P-30","K-05","K-05","M-03","Y-04","T-01","T-01","T-01","T-01","T-01"
"569","J-09","S-19","W-20","D-03","I-26","M-07","F-20","RQ2827","J-13","P-31","K-06","K-06","M-05","ZZ-02","S-19","S-19","S-19","S-19","S-19"
"570","B-08","W-24","W-19","D-04","IH1918","M-08","F-21","S-22","J-14","P-32","K-07","K-07","M-07","ZZ-03","W-24","W-24","W-24","W-24","W-24"
"571","I-24","W-18","W-02","D-05","IH2019","M-18","F-22","S-23","J-15","PO2423","K-08","K-08","M-18","ZZ-04","W-18","W-18","W-18","W-18","W-18"
"572","J-20","NBS-20","W-03","D-06","IH2120","M-19","F-23","S-24","J-16","PO2524","K-09","K-09","M-19","ZZ-05","NBS-20","NBS-20","NBS-20","NBS-20","NBS-20"
"573","F-06","NBS-28","V-24","D-07","IH2221","M-20","F-24","S-25","K-04","PO2625","K-10","K-10","M-20","AA-02","NBS-28","NBS-28","NBS-28","NBS-28","NBS-28"
"574","H-20","NBS-3","V-21","D-08","IH2322","M-22","F-25","S-26","K-05","PO2726","K-11","K-11","M-21","AA-03","NBS-3","NBS-3","NBS-3","NBS-3","NBS-3"
"575","E-20","NBS-13","V-20","D-09","IH2423","N-01","FE2120","S-27","K-06","PO2827","K-12","K-12","M-22","AA-04","NBS-13","NBS-13","NBS-13","NBS-13","NBS-13"
"576","JI2221","NBS-11","V-18","D-10","IH2524","N-02","FE2221","S-28","K-07","PO2928","K-13","K-13","M-27","AA-05","NBS-11","NBS-11","NBS-11","NBS-11","NBS-11"
"577","HG2120","NBS-41","V-02","E-01","IH2625","N-03","G-01","M-24","K-08","PO3029","K-14","K-14","N-01","AA-06","NBS-41","NBS-41","NBS-41","NBS-41","NBS-41"
"578","J-15","NBS-42","U-24","E-02","IH2726","N-04","G-18","M-25","K-09","PO3130","K-18","K-18","N-02","AA-07","NBS-42","NBS-42","NBS-42","NBS-42","NBS-42"
"579","G-18","NBS-16","U-23","E-03","J-18","N-05","G-19","M-26","K-10","PO3231","K-19","K-19","N-03","AA-08","NBS-16","NBS-16","NBS-16","NBS-16","NBS-16"
"580","G-08","NBS-40","U-22","E-04","J-19","N-06","G-20","M-27","K-11","Q-01","K-20","K-20","N-18","AA-10","NBS-40","NBS-40","NBS-40","NBS-40","NBS-40"
"581","B-07","NBS-35","U-19","E-05","J-20","N-07","G-21","M-28","K-12","Q-02","K-21","K-21","N-19","BB-02","NBS-35","NBS-35","NBS-35","NBS-35","NBS-35"
"582","JI2019","NBS-18","U-18","E-06","J-21","N-18","G-22","ML2726","K-13","Q-18","K-22","K-22","N-20","BB-03","NBS-18","NBS-18","NBS-18","NBS-18","NBS-18"
"583","B-02","NBS-8","U-01","E-07","J-22","N-19","G-23","ML2827","K-14","Q-19","K-23","K-23","N-21","BB-04","NBS-8","NBS-8","NBS-8","NBS-8","NBS-8"
"584","J-25","NBS-14","R-21","E-08","J-23","N-20","G-24","ML2928","L-04","Q-20","K-24","K-24","N-22","BB-05","NBS-14","NBS-14","NBS-14","NBS-14","NBS-14"
"585","I-15","NBS-19","R-20","E-09","J-24","N-21","G-25","N-22","L-05","Q-21","K-25","K-25","N-23","BB-06","NBS-19","NBS-19","NBS-19","NBS-19","NBS-19"
"586","H-02","NBS-26","R-18","E-10","J-25","N-22","G-26","N-23","L-06","Q-22","K-26","K-26","N-24","BB-07","NBS-26","NBS-26","NBS-26","NBS-26","NBS-26"
"587","G-03","NBS-27","R-02","E-11","J-26","O-01","GF1918","N-24","L-07","Q-23","K-27","K-27","N-27","BB-08","NBS-27","NBS-27","NBS-27","NBS-27","NBS-27"
"588","I-25","NBS-29","R-03","E-12","JI1918","O-02","GF2019","N-25","L-08","Q-25","L-01","L-01","O-01","BB-09","NBS-29","NBS-29","NBS-29","NBS-29","NBS-29"
"589","B-03","NBS-21","EE-01","F-01","JI2019","O-03","GF2120","N-26","L-09","Q-26","L-02","L-02","O-02","BB-10","NBS-21","NBS-21","NBS-21","NBS-21","NBS-21"
"590","IH2221","NBS-22","ZZ-02","F-02","JI2120","O-04","GF2221","N-27","M-04","Q-27","L-03","L-03","O-18","CC-02","NBS-22","NBS-22","NBS-22","NBS-22","NBS-22"
"591","C-08","NBS-1","Y-25","F-03","JI2221","O-18","GF2322","N-28","M-05","Q-28","L-04","L-04","O-19","CC-03","NBS-1","NBS-1","NBS-1","NBS-1","NBS-1"
"592","D-05","NBS-2","Y-21","F-04","JI2322","O-19","GF2423","NM2524","M-06","Q-29","L-05","L-05","O-20","CC-04","NBS-2","NBS-2","NBS-2","NBS-2","NBS-2"
"593","F-24","NBS-5","X-20","F-05","JI2423","O-20","GF2524","NM2625","M-07","Q-30","L-06","L-06","O-21","CC-05","NBS-5","NBS-5","NBS-5","NBS-5","NBS-5"
"594","J-10","NBS-6","X-02","F-06","JI2524","O-23","H-01","NM2726","M-08","Q-31","L-07","L-07","O-22","CC-06","NBS-6","NBS-6","NBS-6","NBS-6","NBS-6"
"595","J-13","NBS-7","BB-03","F-07","JI2625","P-01","H-18","NM2827","N-04","QP2423","L-08","L-08","O-23","CC-07","NBS-7","NBS-7","NBS-7","NBS-7","NBS-7"
"596","F-08","NBS-12","BB-08","F-08","K-18","P-18","H-19","NM2928","N-05","QP2524","L-09","L-09","O-24","CC-08","NBS-12","NBS-12","NBS-12","NBS-12","NBS-12"
"597","I-19","NBS-17","AA-22","F-09","K-19","P-19","H-20","O-22","N-06","QP2625","L-18","L-18","P-01","CC-09","NBS-17","NBS-17","NBS-17","NBS-17","NBS-17"
"598","I-03","NBS-10","AA-02","F-10","K-20","P-20","H-21","O-23","N-07","QP2726","L-19","L-19","P-18","CC-10","NBS-10","NBS-10","NBS-10","NBS-10","NBS-10"
"599","J-26","NBS-4","AA-07","F-11","K-21","P-21","H-22","O-24","O-04","QP2827","L-20","L-20","P-19","DD-02","NBS-4","NBS-4","NBS-4","NBS-4","NBS-4"
"600","A-02","NBS-15","CC-18","F-12","K-22","PO2423","H-23","O-25","Z-05","QP2928","L-21","L-21","P-20","DD-03","NBS-15","NBS-15","NBS-15","NBS-15","NBS-15"
"601","E-12","NBS-23","CC-04","F-13","K-23","Q-01","H-24","O-26","A-04","QP3029","L-22","L-22","P-21","DD-09","NBS-23","NBS-23","NBS-23","NBS-23","NBS-23"
"602","G-10","NBS-31","S-21","F-14","K-24","Q-02","H-25","O-27","A-05","QP3130","L-23","L-23","P-22","EE-02","NBS-31","NBS-31","NBS-31","NBS-31","NBS-31"
"603","I-21","NBS-49","W-22","G-01","K-25","Q-18","H-26","O-28","A-06","QP3231","L-24","L-24","P-23","FF-02","NBS-49","NBS-49","NBS-49","NBS-49","NBS-49"
"604","D-07","NBS-48","W-01","G-02","K-26","Q-19","HG1918","ON2524","B-04","R-22","L-25","L-25","P-24","V-02","NBS-48","NBS-48","NBS-48","NBS-48","NBS-48"
"605","HG1918","NBS-43","V-22","G-03","K-27","Q-20","HG2019","ON2625","B-05","R-23","L-26","L-26","P-25","V-03","NBS-43","NBS-43","NBS-43","NBS-43","NBS-43"
"606","F-04","NBS-32","V-01","G-04","KJ2322","Q-21","HG2120","ON2726","B-06","R-24","L-27","L-27","P-26","W-02","NBS-32","NBS-32","NBS-32","NBS-32","NBS-32"
"607","D-09","NBS-33","V-03","G-05","KJ2423","Q-23","HG2221","ON2827","B-07","R-25","L-28","L-28","P-28","W-03","NBS-33","NBS-33","NBS-33","NBS-33","NBS-33"
"608","K-13","NBS-24","U-21","G-06","KJ2524","QP2423","HG2322","ON2928","B-08","R-26","L-29","L-29","PO2423","X-02","NBS-24","NBS-24","NBS-24","NBS-24","NBS-24"
"609","F-14","NBS-9","U-20","G-07","KJ2625","R-22","HG2423","P-22","C-04","R-27","L-30","L-30","PO2524","X-03","NBS-9","NBS-9","NBS-9","NBS-9","NBS-9"
"610","C-01","NBS-25","U-02","G-08","KJ2726","V-26","HG2524","P-23","C-05","R-28","L-31","L-31","PO2726","Y-02","NBS-25","NBS-25","NBS-25","NBS-25","NBS-25"
"611","F-09","NBS-34","U-03","G-09","LK2625","L-01","HG2625","P-24","C-06","R-29","M-01","M-01","Q-01","Y-03","NBS-34","NBS-34","NBS-34","NBS-34","NBS-34"
"612","G-24","NBS-44","R-01","G-10","LK2726","L-02","I-01","P-25","C-07","R-30","M-02","M-02","Q-18","Y-04","NBS-44","NBS-44","NBS-44","NBS-44","NBS-44"
"613","G-22","NBS-45","Y-03","G-11","C-18","L-03","I-18","P-26","C-08","R-31","M-03","M-03","Q-19","ZZ-02","NBS-45","NBS-45","NBS-45","NBS-45","NBS-45"
"614","K-22","NBS-36","BB-19","G-12","D-18","L-04","I-19","P-27","C-09","R-32","M-04","M-04","Q-20","ZZ-03","NBS-36","NBS-36","NBS-36","NBS-36","NBS-36"
"615","F-07","NBS-46","T-21","G-13","E-18","L-05","I-20","P-28","D-04","RQ2827","M-05","M-05","Q-21","ZZ-04","NBS-46","NBS-46","NBS-46","NBS-46","NBS-46"
"616","IH2726","NBS-47","S-01","G-14","E-19","L-06","I-21","PO2423","D-05","RQ2928","M-06","M-06","Q-22","ZZ-05","NBS-47","NBS-47","NBS-47","NBS-47","NBS-47"
"617","H-12","NBS-37","R-19","G-15","E-20","L-07","I-22","PO2524","D-06","RQ3029","M-07","M-07","Q-23","AA-02","NBS-37","NBS-37","NBS-37","NBS-37","NBS-37"
"618","F-03","NBS-38","ZZ-24","H-01","E-21","L-08","I-23","PO2625","D-07","RQ3130","M-08","M-08","Q-25","AA-03","NBS-38","NBS-38","NBS-38","NBS-38","NBS-38"
"619","J-06","NBS-39","X-24","H-02","E-22","L-09","I-24","PO2726","D-08","RQ3231","M-18","M-18","QP2423","AA-04","NBS-39","NBS-39","NBS-39","NBS-39","NBS-39"
"620","F-05","NBS-30","V-23","H-03","F-18","L-18","I-25","PO2827","D-09","S-22","M-19","M-19","QP2524","AA-05","NBS-30","NBS-30","NBS-30","NBS-30","NBS-30"
"621","F-19","FF-18","V-19","H-04","F-19","L-19","I-26","PO2928","D-10","S-23","M-20","M-20","R-22","AA-06","FF-18","FF-18","FF-18","FF-18","FF-18"
"622","HG2019","FF-01","DD-18","H-05","F-20","L-20","IH1918","Q-22","E-04","S-24","M-21","M-21","R-23","AA-07","FF-01","FF-01","FF-01","FF-01","FF-01"
"623","F-25","FF-02","CC-06","H-06","F-21","L-22","IH2019","Q-23","E-05","S-25","M-22","M-22","R-24","AA-08","FF-02","FF-02","FF-02","FF-02","FF-02"
"624","E-05","EE-19","BB-22","H-07","F-22","M-01","IH2120","Q-25","E-06","S-26","M-23","M-23","S-22","AA-10","EE-19","EE-19","EE-19","EE-19","EE-19"
"625","J-22","EE-18","T-01","H-08","F-23","M-02","IH2221","Q-26","E-07","S-27","M-24","M-24","S-23","BB-02","EE-18","EE-18","EE-18","EE-18","EE-18"
"626","D-04","EE-02","S-19","H-09","F-24","M-03","IH2322","Q-27","E-08","S-28","M-25","M-25","S-24","BB-03","EE-02","EE-02","EE-02","EE-02","EE-02"
"627","G-12","DD-20","W-24","H-10","F-25","M-04","IH2423","Q-28","E-09","S-29","M-26","M-26","U-26","BB-04","DD-20","DD-20","DD-20","DD-20","DD-20"
"628","G-14","DD-19","W-18","H-11","FE2120","M-05","IH2524","QP2423","E-10","S-30","M-27","M-27","V-25","BB-05","DD-19","DD-19","DD-19","DD-19","DD-19"
"629","IH2524","DD-01","NBS-20","H-12","FE2221","M-06","IH2625","QP2524","E-11","S-31","M-28","M-28","V-28","BB-06","DD-01","DD-01","DD-01","DD-01","DD-01"
"630","F-11","DD-02","NBS-28","H-13","G-18","M-07","IH2726","QP2625","E-12","SR3029","M-29","M-29","Z-05","BB-07","DD-02","DD-02","DD-02","DD-02","DD-02"
"631","I-06","DD-03","NBS-3","H-14","G-19","M-08","J-01","QP2726","F-04","SR3130","M-30","M-30","A-02","BB-08","DD-03","DD-03","DD-03","DD-03","DD-03"
"632","K-25","DD-09","NBS-13","H-15","G-20","M-18","J-18","QP2827","F-05","SR3231","M-31","M-31","A-03","BB-09","DD-09","DD-09","DD-09","DD-09","DD-09"
"633","E-09","CC-07","NBS-11","H-16","G-21","M-19","J-19","QP2928","F-06","T-25","M-32","M-32","A-04","BB-10","CC-07","CC-07","CC-07","CC-07","CC-07"
"634","G-23","CC-08","NBS-41","I-01","G-22","M-20","J-20","R-22","F-07","T-26","N-01","N-01","A-05","CC-02","CC-08","CC-08","CC-08","CC-08","CC-08"
"635","H-21","CC-09","NBS-42","I-02","G-23","M-22","J-21","R-23","F-08","T-27","N-02","N-02","A-06","CC-03","CC-09","CC-09","CC-09","CC-09","CC-09"
"636","J-02","CC-10","NBS-16","I-03","G-24","N-01","J-22","R-24","F-09","T-28","N-03","N-03","B-01","CC-04","CC-10","CC-10","CC-10","CC-10","CC-10"
"637","K-21","BB-21","NBS-40","I-04","G-25","N-02","J-23","R-25","F-10","T-29","N-04","N-04","B-02","CC-05","BB-21","BB-21","BB-21","BB-21","BB-21"
"638","E-22","BB-20","NBS-35","I-05","G-26","N-03","J-24","R-26","F-11","T-30","N-05","N-05","B-03","CC-06","BB-20","BB-20","BB-20","BB-20","BB-20"
"639","G-26","AA-10","NBS-18","I-06","GF1918","N-04","J-25","R-27","F-12","TS3029","N-06","N-06","B-04","CC-07","AA-10","AA-10","AA-10","AA-10","AA-10"
